Date,Close
2000-01-04,36.5
2000-01-05,37.3
2000-01-06,36.5
2000-01-07,35.5
2000-01-10,36.7
2000-01-11,36.1
2000-01-12,37.1
2000-01-13,36.5
2000-01-14,37.3
2000-01-17,38.4
2000-01-18,37.7
2000-01-19,37.7
2000-01-20,37.3
2000-01-21,38.1
2000-01-24,38.6
2000-01-25,39.6
2000-01-26,42.2
2000-01-27,42.7
2000-01-28,41.8
2000-01-31,41.6
2000-02-01,41.4
2000-02-02,41.4
2000-02-09,43.3
2000-02-10,43.9
2000-02-11,44.9
2000-02-14,43.9
2000-02-15,44.1
2000-02-16,43.7
2000-02-17,43.3
2000-02-18,42.7
2000-02-21,40.0
2000-02-22,40.0
2000-02-23,39.8
2000-02-24,40.0
2000-02-25,40.8
2000-02-28,40.8
2000-02-29,41.2
2000-03-01,42.2
2000-03-02,41.6
2000-03-03,41.6
2000-03-06,41.0
2000-03-07,40.8
2000-03-08,40.6
2000-03-09,41.0
2000-03-10,40.0
2000-03-13,37.3
2000-03-14,38.1
2000-03-15,37.5
2000-03-16,37.7
2000-03-17,39.0
2000-03-20,37.7
2000-03-21,40.0
2000-03-22,39.4
2000-03-23,41.2
2000-03-24,40.6
2000-03-27,43.3
2000-03-28,42.9
2000-03-29,41.8
2000-03-30,42.7
2000-03-31,42.0
2000-04-03,42.0
2000-04-05,42.7
2000-04-06,41.4
2000-04-07,41.0
2000-04-10,43.1
2000-04-11,42.0
2000-04-12,41.0
2000-04-13,39.4
2000-04-14,38.1
2000-04-17,36.7
2000-04-18,38.8
2000-04-19,37.5
2000-04-20,38.1
2000-04-21,38.1
2000-04-24,36.9
2000-04-25,38.4
2000-04-26,37.9
2000-04-27,38.6
2000-04-28,40.4
2000-05-01,40.4
2000-05-02,39.6
2000-05-03,38.6
2000-05-04,38.4
2000-05-05,39.4
2000-05-08,39.6
2000-05-09,39.6
2000-05-10,38.6
2000-05-11,36.7
2000-05-12,37.9
2000-05-15,37.0
2000-05-16,39.2
2000-05-17,41.7
2000-05-18,42.8
2000-05-19,42.5
2000-05-22,41.5
2000-05-23,40.2
2000-05-24,39.0
2000-05-25,38.2
2000-05-26,38.2
2000-05-29,38.2
2000-05-30,38.2
2000-05-31,41.2
2000-06-01,40.2
2000-06-02,40.7
2000-06-05,41.5
2000-06-06,41.5
2000-06-07,42.3
2000-06-08,41.2
2000-06-09,41.5
2000-06-12,41.2
2000-06-13,40.7
2000-06-14,40.4
2000-06-15,39.4
2000-06-16,39.4
2000-06-19,38.9
2000-06-20,39.0
2000-06-21,38.6
2000-06-22,39.1
2000-06-23,38.3
2000-06-26,37.1
2000-06-27,37.1
2000-06-28,37.8
2000-06-29,37.4
2000-06-30,38.3
2000-07-03,37.7
2000-07-04,37.0
2000-07-05,39.1
2000-07-06,38.1
2000-07-07,37.3
2000-07-10,37.7
2000-07-11,37.8
2000-07-12,37.7
2000-07-13,38.1
2000-07-14,38.3
2000-07-17,37.7
2000-07-18,37.3
2000-07-20,35.4
2000-07-21,34.1
2000-07-24,33.2
2000-07-25,32.9
2000-07-26,34.1
2000-07-27,33.9
2000-07-28,33.5
2000-07-31,33.3
2000-08-01,33.1
2000-08-02,32.8
2000-08-03,32.0
2000-08-04,32.9
2000-08-07,32.3
2000-08-08,32.9
2000-08-09,34.1
2000-08-10,34.9
2000-08-11,34.4
2000-08-14,34.1
2000-08-15,34.3
2000-08-16,35.4
2000-08-17,36.2
2000-08-18,36.6
2000-08-21,36.2
2000-08-22,36.0
2000-08-23,36.0
2000-08-24,36.6
2000-08-25,36.9
2000-08-28,36.2
2000-08-29,36.0
2000-08-30,35.4
2000-08-31,35.3
2000-09-01,34.1
2000-09-04,35.0
2000-09-05,35.2
2000-09-06,34.4
2000-09-07,32.9
2000-09-08,32.7
2000-09-11,32.6
2000-09-12,32.6
2000-09-13,32.6
2000-09-14,31.5
2000-09-15,32.2
2000-09-18,31.8
2000-09-19,29.7
2000-09-20,30.2
2000-09-21,30.1
2000-09-22,28.0
2000-09-25,28.0
2000-09-26,29.8
2000-09-27,29.1
2000-09-28,28.0
2000-09-29,27.3
2000-10-02,25.9
2000-10-03,27.0
2000-10-04,26.1
2000-10-05,27.0
2000-10-06,28.9
2000-10-09,28.2
2000-10-10,28.2
2000-10-11,27.3
2000-10-12,25.5
2000-10-13,25.3
2000-10-16,25.3
2000-10-17,24.7
2000-10-18,23.0
2000-10-19,21.4
2000-10-20,22.8
2000-10-23,26.1
2000-10-24,27.8
2000-10-25,28.2
2000-10-26,27.7
2000-10-27,27.7
2000-10-30,25.9
2000-10-31,25.7
2000-11-01,25.5
2000-11-02,27.2
2000-11-03,28.7
2000-11-06,28.6
2000-11-07,30.6
2000-11-08,30.7
2000-11-09,30.2
2000-11-10,29.9
2000-11-13,28.0
2000-11-14,28.0
2000-11-15,28.1
2000-11-16,26.3
2000-11-17,25.9
2000-11-20,23.1
2000-11-21,24.7
2000-11-22,23.9
2000-11-23,23.4
2000-11-24,24.9
2000-11-27,24.8
2000-11-28,24.3
2000-11-29,23.8
2000-11-30,23.5
2000-12-01,24.0
2000-12-04,23.1
2000-12-05,23.2
2000-12-06,23.4
2000-12-07,23.9
2000-12-08,23.6
2000-12-11,23.6
2000-12-12,24.3
2000-12-13,24.2
2000-12-14,23.8
2000-12-15,23.1
2000-12-18,22.2
2000-12-19,22.1
2000-12-20,21.4
2000-12-21,20.7
2000-12-22,20.5
2000-12-25,20.5
2000-12-26,20.0
2000-12-27,19.7
2000-12-28,21.0
2000-12-29,20.9
2001-01-01,20.9
2001-01-02,21.9
2001-01-03,21.1
2001-01-04,22.3
2001-01-05,23.8
2001-01-08,23.5
2001-01-09,24.4
2001-01-10,24.7
2001-01-11,24.3
2001-01-12,24.7
2001-01-15,24.8
2001-01-16,26.5
2001-01-17,26.5
2001-01-18,26.8
2001-01-19,26.8
2001-01-29,25.5
2001-01-30,26.0
2001-01-31,27.7
2001-02-01,26.6
2001-02-02,26.4
2001-02-05,25.9
2001-02-06,25.7
2001-02-07,24.0
2001-02-08,23.8
2001-02-09,24.0
2001-02-12,24.2
2001-02-13,25.7
2001-02-14,24.7
2001-02-15,26.4
2001-02-16,25.7
2001-02-19,25.2
2001-02-20,25.2
2001-02-21,25.6
2001-02-22,24.5
2001-02-23,23.9
2001-02-26,23.4
2001-02-27,23.6
2001-02-28,23.6
2001-03-01,22.1
2001-03-02,21.9
2001-03-05,22.2
2001-03-06,23.2
2001-03-07,24.2
2001-03-08,23.8
2001-03-09,23.1
2001-03-12,22.4
2001-03-13,22.8
2001-03-14,22.8
2001-03-15,23.1
2001-03-16,23.2
2001-03-19,22.8
2001-03-20,22.6
2001-03-21,22.3
2001-03-22,22.7
2001-03-23,23.8
2001-03-26,23.6
2001-03-27,23.5
2001-03-28,23.4
2001-03-29,23.1
2001-03-30,23.2
2001-04-02,22.3
2001-04-03,21.4
2001-04-04,20.9
2001-04-06,21.7
2001-04-09,21.0
2001-04-10,20.7
2001-04-11,21.8
2001-04-12,22.6
2001-04-13,22.3
2001-04-16,22.1
2001-04-17,21.9
2001-04-18,22.3
2001-04-19,23.8
2001-04-20,23.8
2001-04-23,23.6
2001-04-24,23.1
2001-04-25,22.7
2001-04-27,22.8
2001-04-30,23.9
2001-05-01,23.9
2001-05-02,25.2
2001-05-03,25.3
2001-05-04,24.4
2001-05-07,24.9
2001-05-08,24.8
2001-05-09,24.9
2001-05-10,24.3
2001-05-11,24.7
2001-05-14,24.3
2001-05-15,23.5
2001-05-16,23.1
2001-05-17,23.4
2001-05-18,23.8
2001-05-21,23.2
2001-05-22,23.6
2001-05-23,24.8
2001-05-24,24.7
2001-05-25,24.8
2001-05-28,24.4
2001-05-29,24.4
2001-05-30,23.6
2001-05-31,23.5
2001-06-01,23.4
2001-06-04,23.6
2001-06-05,23.9
2001-06-06,24.5
2001-06-07,24.4
2001-06-08,25.5
2001-06-11,26.0
2001-06-12,25.5
2001-06-13,24.7
2001-06-14,24.3
2001-06-15,24.5
2001-06-18,24.2
2001-06-19,23.8
2001-06-20,23.6
2001-06-21,22.6
2001-06-22,22.3
2001-06-25,22.3
2001-06-26,22.4
2001-06-27,23.3
2001-06-28,22.6
2001-06-29,23.5
2001-07-02,24.6
2001-07-03,24.4
2001-07-04,24.1
2001-07-05,24.1
2001-07-06,23.2
2001-07-09,22.4
2001-07-10,22.6
2001-07-11,22.6
2001-07-12,23.3
2001-07-13,23.2
2001-07-16,23.2
2001-07-17,23.0
2001-07-18,22.8
2001-07-19,22.4
2001-07-20,22.2
2001-07-23,21.3
2001-07-24,21.1
2001-07-25,21.7
2001-07-26,22.2
2001-07-27,23.3
2001-07-30,23.3
2001-07-31,24.3
2001-08-01,25.2
2001-08-02,25.9
2001-08-03,25.4
2001-08-06,25.0
2001-08-07,24.3
2001-08-08,24.8
2001-08-09,23.9
2001-08-10,25.2
2001-08-13,25.0
2001-08-14,25.4
2001-08-15,25.2
2001-08-16,25.0
2001-08-17,24.8
2001-08-20,24.3
2001-08-21,24.4
2001-08-22,22.8
2001-08-23,22.8
2001-08-24,22.2
2001-08-27,23.3
2001-08-28,23.2
2001-08-29,23.7
2001-08-30,23.2
2001-08-31,23.5
2001-09-03,23.5
2001-09-04,24.3
2001-09-05,24.1
2001-09-06,23.5
2001-09-07,23.2
2001-09-10,23.5
2001-09-11,23.2
2001-09-12,23.2
2001-09-13,21.7
2001-09-14,20.4
2001-09-17,20.4
2001-09-20,19.3
2001-09-21,18.7
2001-09-24,18.7
2001-09-25,17.4
2001-09-26,17.8
2001-09-27,17.1
2001-09-28,17.1
2001-10-02,16.5
2001-10-03,16.2
2001-10-04,16.3
2001-10-05,17.2
2001-10-08,16.9
2001-10-09,18.1
2001-10-10,18.1
2001-10-11,19.3
2001-10-12,20.2
2001-10-15,19.7
2001-10-16,20.4
2001-10-17,21.3
2001-10-18,21.9
2001-10-19,21.5
2001-10-22,21.3
2001-10-23,21.1
2001-10-24,22.6
2001-10-25,23.0
2001-10-26,23.2
2001-10-29,24.6
2001-10-30,23.0
2001-10-31,22.4
2001-11-01,22.4
2001-11-02,23.0
2001-11-05,23.9
2001-11-06,24.1
2001-11-07,24.6
2001-11-08,24.8
2001-11-09,24.8
2001-11-12,25.0
2001-11-13,24.8
2001-11-14,26.5
2001-11-15,27.4
2001-11-16,28.5
2001-11-19,29.2
2001-11-20,27.4
2001-11-21,27.7
2001-11-22,26.8
2001-11-23,27.0
2001-11-26,27.2
2001-11-27,27.7
2001-11-28,27.2
2001-11-29,26.8
2001-11-30,26.8
2001-12-03,28.5
2001-12-04,28.9
2001-12-05,30.7
2001-12-06,32.7
2001-12-07,32.5
2001-12-10,30.9
2001-12-11,31.4
2001-12-12,32.5
2001-12-13,30.9
2001-12-14,30.7
2001-12-17,29.8
2001-12-18,30.3
2001-12-19,31.4
2001-12-20,31.4
2001-12-21,29.4
2001-12-24,29.8
2001-12-25,30.7
2001-12-26,30.3
2001-12-27,30.1
2001-12-28,31.2
2001-12-31,32.2
2002-01-01,32.2
2002-01-02,31.6
2002-01-03,31.6
2002-01-04,32.7
2002-01-07,34.0
2002-01-08,33.3
2002-01-09,33.6
2002-01-10,33.3
2002-01-11,32.2
2002-01-14,32.3
2002-01-15,32.2
2002-01-16,31.2
2002-01-17,31.1
2002-01-18,31.2
2002-01-21,33.3
2002-01-22,33.1
2002-01-23,32.5
2002-01-24,33.3
2002-01-25,33.8
2002-01-28,33.8
2002-01-29,32.7
2002-01-30,32.0
2002-01-31,32.0
2002-02-01,31.4
2002-02-04,31.6
2002-02-05,31.4
2002-02-06,31.8
2002-02-07,31.8
2002-02-18,32.2
2002-02-19,31.4
2002-02-20,30.1
2002-02-21,30.3
2002-02-22,30.0
2002-02-25,29.8
2002-02-26,29.4
2002-02-27,30.1
2002-02-28,30.1
2002-03-01,29.8
2002-03-04,31.8
2002-03-05,33.4
2002-03-06,34.7
2002-03-07,34.4
2002-03-08,33.6
2002-03-11,35.8
2002-03-12,34.9
2002-03-13,34.5
2002-03-14,34.2
2002-03-15,33.3
2002-03-18,33.6
2002-03-19,33.6
2002-03-20,35.3
2002-03-21,34.5
2002-03-22,34.9
2002-03-25,35.3
2002-03-26,34.7
2002-03-27,34.0
2002-03-28,34.9
2002-03-29,35.5
2002-04-01,35.1
2002-04-02,35.3
2002-04-03,34.9
2002-04-04,34.0
2002-04-05,34.0
2002-04-08,33.6
2002-04-09,33.6
2002-04-10,33.3
2002-04-11,33.1
2002-04-12,33.8
2002-04-15,33.6
2002-04-16,34.0
2002-04-17,35.3
2002-04-18,35.1
2002-04-19,34.7
2002-04-22,34.2
2002-04-23,34.5
2002-04-24,34.9
2002-04-25,33.8
2002-04-26,33.8
2002-04-29,32.7
2002-04-30,32.2
2002-05-02,31.2
2002-05-03,31.2
2002-05-06,29.8
2002-05-07,30.1
2002-05-08,30.5
2002-05-09,31.2
2002-05-10,31.8
2002-05-13,31.2
2002-05-14,32.0
2002-05-15,33.1
2002-05-16,32.5
2002-05-17,32.9
2002-05-20,32.0
2002-05-21,31.8
2002-05-22,32.3
2002-05-23,32.0
2002-05-24,32.2
2002-05-27,31.8
2002-05-28,31.6
2002-05-29,31.4
2002-05-30,31.8
2002-05-31,31.4
2002-06-03,31.2
2002-06-04,30.0
2002-06-05,30.1
2002-06-06,29.6
2002-06-07,27.6
2002-06-10,27.6
2002-06-11,27.2
2002-06-12,26.5
2002-06-13,27.7
2002-06-14,27.7
2002-06-17,27.2
2002-06-18,27.7
2002-06-19,27.7
2002-06-20,27.7
2002-06-21,27.9
2002-06-24,27.7
2002-06-25,28.1
2002-06-26,26.9
2002-06-27,26.9
2002-06-28,27.5
2002-07-01,27.1
2002-07-02,26.7
2002-07-03,25.7
2002-07-04,26.1
2002-07-05,27.1
2002-07-08,28.7
2002-07-09,28.9
2002-07-10,28.3
2002-07-11,27.3
2002-07-12,28.7
2002-07-15,28.1
2002-07-16,27.9
2002-07-17,27.1
2002-07-18,26.1
2002-07-19,24.9
2002-07-22,24.5
2002-07-23,25.1
2002-07-24,23.7
2002-07-25,23.4
2002-07-26,21.8
2002-07-29,20.4
2002-07-30,21.0
2002-07-31,20.4
2002-08-01,20.2
2002-08-02,20.2
2002-08-05,18.8
2002-08-06,18.6
2002-08-07,19.9
2002-08-08,19.9
2002-08-09,20.6
2002-08-12,20.4
2002-08-13,20.2
2002-08-14,20.6
2002-08-15,21.4
2002-08-16,21.6
2002-08-19,21.6
2002-08-20,22.0
2002-08-21,21.4
2002-08-22,21.4
2002-08-23,21.4
2002-08-26,21.2
2002-08-27,20.6
2002-08-28,20.2
2002-08-29,20.2
2002-08-30,20.2
2002-09-02,19.7
2002-09-03,19.7
2002-09-04,19.4
2002-09-05,19.2
2002-09-06,19.2
2002-09-09,19.6
2002-09-10,20.4
2002-09-11,20.4
2002-09-12,20.2
2002-09-13,19.4
2002-09-16,19.1
2002-09-17,19.8
2002-09-18,18.4
2002-09-19,18.4
2002-09-20,17.6
2002-09-23,17.0
2002-09-24,17.1
2002-09-25,17.0
2002-09-26,17.2
2002-09-27,17.0
2002-09-30,16.6
2002-10-01,16.2
2002-10-02,16.2
2002-10-03,15.2
2002-10-04,15.4
2002-10-07,14.6
2002-10-08,14.4
2002-10-09,14.6
2002-10-10,14.6
2002-10-11,14.4
2002-10-14,15.4
2002-10-15,16.4
2002-10-16,17.5
2002-10-17,17.6
2002-10-18,18.8
2002-10-21,18.4
2002-10-22,17.6
2002-10-23,18.2
2002-10-24,18.2
2002-10-25,18.6
2002-10-28,18.8
2002-10-29,18.9
2002-10-30,18.4
2002-10-31,18.8
2002-11-01,18.2
2002-11-04,19.0
2002-11-05,19.3
2002-11-06,20.6
2002-11-07,20.8
2002-11-08,20.6
2002-11-11,19.3
2002-11-12,18.9
2002-11-13,18.9
2002-11-14,18.8
2002-11-15,19.6
2002-11-18,19.5
2002-11-19,19.2
2002-11-20,18.6
2002-11-21,19.0
2002-11-22,20.2
2002-11-25,21.0
2002-11-26,20.4
2002-11-27,20.2
2002-11-28,20.4
2002-11-29,20.4
2002-12-02,20.4
2002-12-03,21.6
2002-12-04,21.0
2002-12-05,21.2
2002-12-06,20.8
2002-12-09,21.0
2002-12-10,20.2
2002-12-11,20.2
2002-12-12,19.8
2002-12-13,19.7
2002-12-16,19.4
2002-12-17,19.3
2002-12-18,19.4
2002-12-19,18.6
2002-12-20,18.6
2002-12-23,18.0
2002-12-24,18.1
2002-12-25,18.1
2002-12-26,18.6
2002-12-27,18.4
2002-12-30,17.5
2002-12-31,17.2
2003-01-01,17.2
2003-01-02,17.2
2003-01-03,18.1
2003-01-06,18.1
2003-01-07,18.4
2003-01-08,18.8
2003-01-09,18.6
2003-01-10,19.1
2003-01-13,20.4
2003-01-14,20.4
2003-01-15,20.4
2003-01-16,19.6
2003-01-17,19.7
2003-01-20,19.4
2003-01-21,19.2
2003-01-22,19.3
2003-01-23,20.4
2003-01-24,20.0
2003-01-27,19.8
2003-01-28,19.3
2003-01-29,19.3
2003-02-06,18.0
2003-02-07,17.0
2003-02-10,16.5
2003-02-11,16.8
2003-02-12,16.3
2003-02-13,16.3
2003-02-14,16.6
2003-02-17,17.7
2003-02-18,17.3
2003-02-19,17.4
2003-02-20,17.8
2003-02-21,18.2
2003-02-24,18.3
2003-02-25,17.4
2003-02-26,17.3
2003-02-27,17.0
2003-02-28,17.0
2003-03-03,17.8
2003-03-04,17.5
2003-03-05,16.8
2003-03-06,16.7
2003-03-07,16.8
2003-03-10,17.2
2003-03-11,17.2
2003-03-12,17.4
2003-03-13,17.8
2003-03-14,18.4
2003-03-17,17.8
2003-03-18,19.0
2003-03-19,19.4
2003-03-20,19.6
2003-03-21,19.6
2003-03-24,19.6
2003-03-25,18.8
2003-03-26,19.0
2003-03-27,18.2
2003-03-28,18.0
2003-03-31,17.1
2003-04-01,17.1
2003-04-02,17.3
2003-04-03,17.7
2003-04-04,18.3
2003-04-07,18.7
2003-04-08,18.5
2003-04-09,18.1
2003-04-10,18.0
2003-04-11,18.1
2003-04-14,17.6
2003-04-15,18.1
2003-04-16,19.0
2003-04-17,18.5
2003-04-18,19.2
2003-04-21,19.5
2003-04-22,19.0
2003-04-23,19.5
2003-04-24,19.1
2003-04-25,18.4
2003-04-28,17.8
2003-04-29,18.2
2003-04-30,19.3
2003-05-01,19.3
2003-05-02,19.5
2003-05-05,19.6
2003-05-06,19.3
2003-05-07,19.3
2003-05-08,18.9
2003-05-09,19.2
2003-05-12,19.5
2003-05-13,19.9
2003-05-14,19.9
2003-05-15,20.0
2003-05-16,19.7
2003-05-19,19.8
2003-05-20,19.4
2003-05-21,19.4
2003-05-22,19.4
2003-05-23,19.9
2003-05-26,20.1
2003-05-27,19.9
2003-05-28,20.4
2003-05-29,21.0
2003-05-30,21.6
2003-06-02,22.8
2003-06-03,22.6
2003-06-04,22.6
2003-06-05,23.2
2003-06-06,23.7
2003-06-09,23.9
2003-06-10,23.2
2003-06-11,22.8
2003-06-12,23.7
2003-06-13,23.0
2003-06-16,22.6
2003-06-17,23.4
2003-06-18,23.9
2003-06-19,23.9
2003-06-20,23.7
2003-06-23,23.2
2003-06-24,23.0
2003-06-25,23.0
2003-06-26,23.0
2003-06-27,23.0
2003-06-30,23.0
2003-07-01,23.7
2003-07-02,24.3
2003-07-03,24.7
2003-07-04,25.1
2003-07-07,24.7
2003-07-08,25.1
2003-07-09,24.5
2003-07-10,23.2
2003-07-11,23.2
2003-07-14,24.1
2003-07-15,24.1
2003-07-16,24.1
2003-07-17,23.4
2003-07-18,23.4
2003-07-21,23.0
2003-07-22,22.8
2003-07-23,23.2
2003-07-24,23.7
2003-07-25,23.0
2003-07-28,23.4
2003-07-29,23.0
2003-07-30,23.0
2003-07-31,23.9
2003-08-01,24.3
2003-08-04,24.3
2003-08-05,23.7
2003-08-06,23.7
2003-08-07,24.3
2003-08-08,23.4
2003-08-11,23.0
2003-08-12,23.0
2003-08-13,23.9
2003-08-14,24.1
2003-08-15,24.7
2003-08-18,24.9
2003-08-19,25.3
2003-08-20,25.5
2003-08-21,25.9
2003-08-22,25.9
2003-08-25,26.1
2003-08-26,25.5
2003-08-27,25.9
2003-08-28,26.5
2003-08-29,27.1
2003-09-01,27.3
2003-09-02,27.1
2003-09-03,26.9
2003-09-04,26.7
2003-09-05,27.5
2003-09-08,28.7
2003-09-09,28.5
2003-09-10,28.1
2003-09-11,28.1
2003-09-12,27.5
2003-09-15,27.1
2003-09-16,27.7
2003-09-17,28.9
2003-09-18,28.5
2003-09-19,27.9
2003-09-22,27.3
2003-09-23,27.5
2003-09-24,27.5
2003-09-25,26.9
2003-09-26,26.7
2003-09-29,26.9
2003-09-30,26.9
2003-10-01,26.9
2003-10-02,27.7
2003-10-03,28.3
2003-10-06,28.7
2003-10-07,28.3
2003-10-08,28.1
2003-10-09,27.9
2003-10-10,27.9
2003-10-13,28.3
2003-10-14,27.7
2003-10-15,27.5
2003-10-16,28.1
2003-10-17,27.5
2003-10-20,27.5
2003-10-21,27.1
2003-10-22,26.7
2003-10-23,26.1
2003-10-24,26.1
2003-10-27,26.5
2003-10-28,27.5
2003-10-29,28.1
2003-10-30,28.1
2003-10-31,27.1
2003-11-03,27.1
2003-11-04,27.7
2003-11-05,28.1
2003-11-06,27.9
2003-11-07,27.9
2003-11-10,27.5
2003-11-11,26.7
2003-11-12,26.9
2003-11-13,27.3
2003-11-14,27.3
2003-11-17,26.9
2003-11-18,27.1
2003-11-19,26.7
2003-11-20,26.5
2003-11-21,26.3
2003-11-24,25.9
2003-11-25,26.5
2003-11-26,26.3
2003-11-27,25.5
2003-11-28,25.7
2003-12-01,25.9
2003-12-02,26.7
2003-12-03,26.9
2003-12-04,27.1
2003-12-05,26.3
2003-12-08,25.7
2003-12-09,26.1
2003-12-10,25.1
2003-12-11,25.3
2003-12-12,25.1
2003-12-15,25.5
2003-12-16,24.7
2003-12-17,24.1
2003-12-18,24.3
2003-12-19,24.3
2003-12-22,24.9
2003-12-23,25.1
2003-12-24,24.9
2003-12-25,25.1
2003-12-26,25.1
2003-12-29,25.1
2003-12-30,25.5
2003-12-31,25.7
2004-01-01,25.7
2004-01-02,26.5
2004-01-05,26.7
2004-01-06,26.7
2004-01-07,26.5
2004-01-08,26.5
2004-01-09,27.3
2004-01-12,27.3
2004-01-13,27.3
2004-01-14,27.1
2004-01-15,27.1
2004-01-16,26.9
2004-01-19,26.9
2004-01-27,27.7
2004-01-28,27.3
2004-01-29,26.9
2004-01-30,26.7
2004-02-02,26.3
2004-02-03,25.7
2004-02-04,25.3
2004-02-05,25.3
2004-02-06,25.5
2004-02-09,26.3
2004-02-10,25.9
2004-02-11,25.9
2004-02-12,26.1
2004-02-13,25.9
2004-02-16,25.3
2004-02-17,25.3
2004-02-18,25.5
2004-02-19,25.7
2004-02-20,25.7
2004-02-23,25.3
2004-02-24,24.9
2004-02-25,24.9
2004-02-26,25.7
2004-02-27,25.7
2004-03-01,26.1
2004-03-02,27.1
2004-03-03,26.7
2004-03-04,27.1
2004-03-05,27.1
2004-03-08,26.7
2004-03-09,26.5
2004-03-10,25.5
2004-03-11,25.7
2004-03-12,25.1
2004-03-15,24.7
2004-03-16,24.5
2004-03-17,24.5
2004-03-18,25.1
2004-03-19,25.5
2004-03-22,23.9
2004-03-23,22.2
2004-03-24,23.4
2004-03-25,23.4
2004-03-26,23.7
2004-03-29,24.9
2004-03-30,24.3
2004-03-31,24.3
2004-04-01,24.1
2004-04-02,24.1
2004-04-05,25.1
2004-04-06,25.1
2004-04-07,24.9
2004-04-08,24.7
2004-04-09,24.3
2004-04-12,24.7
2004-04-13,24.5
2004-04-14,25.5
2004-04-15,24.7
2004-04-16,24.7
2004-04-19,24.1
2004-04-20,24.7
2004-04-21,24.9
2004-04-22,25.1
2004-04-23,25.9
2004-04-26,25.7
2004-04-27,25.7
2004-04-28,25.1
2004-04-29,24.5
2004-04-30,23.2
2004-05-03,23.4
2004-05-04,23.9
2004-05-05,22.2
2004-05-06,22.4
2004-05-07,23.0
2004-05-10,22.2
2004-05-11,23.2
2004-05-12,23.2
2004-05-13,23.0
2004-05-14,22.2
2004-05-17,20.8
2004-05-18,21.0
2004-05-19,22.4
2004-05-20,22.2
2004-05-21,22.2
2004-05-24,21.8
2004-05-25,22.0
2004-05-26,22.6
2004-05-27,23.0
2004-05-28,23.4
2004-05-31,22.6
2004-06-01,22.8
2004-06-02,22.4
2004-06-03,21.4
2004-06-04,21.4
2004-06-07,22.2
2004-06-08,22.8
2004-06-09,22.2
2004-06-10,21.4
2004-06-11,20.4
2004-06-14,20.2
2004-06-15,20.1
2004-06-16,20.3
2004-06-17,20.7
2004-06-18,20.0
2004-06-21,20.3
2004-06-22,20.3
2004-06-23,21.3
2004-06-24,21.4
2004-06-25,21.6
2004-06-28,21.4
2004-06-29,21.5
2004-06-30,22.6
2004-07-01,22.6
2004-07-02,21.6
2004-07-05,20.9
2004-07-06,21.5
2004-07-07,20.9
2004-07-08,21.0
2004-07-09,21.5
2004-07-12,20.9
2004-07-13,20.6
2004-07-14,20.6
2004-07-15,20.1
2004-07-16,19.8
2004-07-19,19.7
2004-07-20,19.4
2004-07-21,20.3
2004-07-22,20.2
2004-07-23,20.0
2004-07-26,19.1
2004-07-27,19.5
2004-07-28,19.5
2004-07-29,19.1
2004-07-30,20.0
2004-08-02,20.0
2004-08-03,20.5
2004-08-04,20.5
2004-08-05,21.0
2004-08-06,20.5
2004-08-09,20.2
2004-08-10,20.2
2004-08-11,20.5
2004-08-12,20.5
2004-08-13,20.5
2004-08-16,20.3
2004-08-17,20.5
2004-08-18,20.9
2004-08-19,21.9
2004-08-20,21.7
2004-08-23,21.9
2004-08-24,21.9
2004-08-26,22.7
2004-08-27,22.4
2004-08-30,22.5
2004-08-31,21.9
2004-09-01,22.0
2004-09-02,21.4
2004-09-03,20.7
2004-09-06,20.5
2004-09-07,20.7
2004-09-08,20.5
2004-09-09,20.4
2004-09-10,20.8
2004-09-13,21.4
2004-09-14,21.2
2004-09-15,21.2
2004-09-16,21.2
2004-09-17,20.9
2004-09-20,21.1
2004-09-21,21.5
2004-09-22,21.4
2004-09-23,21.0
2004-09-24,20.4
2004-09-27,20.1
2004-09-28,20.1
2004-09-29,19.9
2004-09-30,20.2
2004-10-01,20.8
2004-10-04,21.2
2004-10-05,21.2
2004-10-06,21.0
2004-10-07,21.0
2004-10-08,20.2
2004-10-11,20.0
2004-10-12,19.9
2004-10-13,19.9
2004-10-14,19.9
2004-10-15,19.8
2004-10-18,19.7
2004-10-19,20.1
2004-10-20,20.0
2004-10-21,20.2
2004-10-22,20.2
2004-10-25,20.2
2004-10-26,19.7
2004-10-27,19.6
2004-10-28,20.1
2004-10-29,20.5
2004-11-01,20.5
2004-11-02,21.0
2004-11-03,21.9
2004-11-04,22.2
2004-11-05,22.3
2004-11-08,22.4
2004-11-09,22.3
2004-11-10,22.4
2004-11-11,21.6
2004-11-12,21.9
2004-11-15,22.2
2004-11-16,22.6
2004-11-17,23.2
2004-11-18,23.6
2004-11-19,23.6
2004-11-22,22.5
2004-11-23,22.6
2004-11-24,22.8
2004-11-25,22.6
2004-11-26,22.0
2004-11-29,21.9
2004-11-30,22.1
2004-12-01,21.7
2004-12-02,22.4
2004-12-03,22.8
2004-12-06,22.8
2004-12-07,23.0
2004-12-08,22.8
2004-12-09,22.5
2004-12-10,22.5
2004-12-13,22.2
2004-12-14,22.5
2004-12-15,23.3
2004-12-16,23.4
2004-12-17,23.3
2004-12-20,23.4
2004-12-21,23.0
2004-12-22,23.3
2004-12-23,23.4
2004-12-24,23.4
2004-12-27,23.3
2004-12-28,23.4
2004-12-29,23.6
2004-12-30,23.6
2004-12-31,23.6
2005-01-03,23.8
2005-01-04,23.2
2005-01-05,22.7
2005-01-06,22.4
2005-01-07,22.3
2005-01-10,22.7
2005-01-11,22.5
2005-01-12,21.9
2005-01-13,21.9
2005-01-14,21.9
2005-01-17,22.8
2005-01-18,22.9
2005-01-19,22.3
2005-01-20,22.4
2005-01-21,22.2
2005-01-24,21.9
2005-01-25,22.2
2005-01-26,23.0
2005-01-27,23.1
2005-01-28,23.4
2005-01-31,24.3
2005-02-01,24.5
2005-02-02,25.0
2005-02-03,25.0
2005-02-04,25.0
2005-02-14,25.5
2005-02-15,25.7
2005-02-16,25.5
2005-02-17,25.0
2005-02-18,25.2
2005-02-21,25.5
2005-02-22,25.2
2005-02-23,25.0
2005-02-24,24.8
2005-02-25,25.7
2005-02-28,25.7
2005-03-01,25.4
2005-03-02,25.3
2005-03-03,25.0
2005-03-04,24.5
2005-03-07,24.7
2005-03-08,25.1
2005-03-09,24.8
2005-03-10,24.3
2005-03-11,24.5
2005-03-14,24.1
2005-03-15,23.9
2005-03-16,24.3
2005-03-17,23.8
2005-03-18,23.8
2005-03-21,23.6
2005-03-22,23.6
2005-03-23,23.5
2005-03-24,23.6
2005-03-25,24.1
2005-03-28,24.1
2005-03-29,23.9
2005-03-30,23.6
2005-03-31,24.1
2005-04-01,24.6
2005-04-04,24.4
2005-04-05,24.4
2005-04-06,24.1
2005-04-07,24.0
2005-04-08,24.4
2005-04-11,24.2
2005-04-12,24.4
2005-04-13,24.5
2005-04-14,24.0
2005-04-15,24.0
2005-04-18,23.5
2005-04-19,23.4
2005-04-20,23.4
2005-04-21,23.2
2005-04-22,23.2
2005-04-25,23.3
2005-04-26,24.1
2005-04-27,24.4
2005-04-28,24.8
2005-04-29,24.2
2005-05-02,24.2
2005-05-03,24.4
2005-05-04,24.5
2005-05-05,25.2
2005-05-06,25.5
2005-05-09,25.5
2005-05-10,25.5
2005-05-11,25.0
2005-05-12,25.5
2005-05-13,25.6
2005-05-16,25.6
2005-05-17,25.4
2005-05-18,25.6
2005-05-19,26.3
2005-05-20,26.4
2005-05-23,25.8
2005-05-24,26.3
2005-05-25,26.1
2005-05-26,26.2
2005-05-27,26.5
2005-05-30,26.5
2005-05-31,26.6
2005-06-01,26.1
2005-06-02,26.6
2005-06-03,26.9
2005-06-06,27.1
2005-06-07,26.9
2005-06-08,27.2
2005-06-09,27.1
2005-06-10,27.1
2005-06-13,27.7
2005-06-14,27.7
2005-06-15,28.0
2005-06-16,28.4
2005-06-17,28.9
2005-06-20,28.9
2005-06-21,28.4
2005-06-22,28.9
2005-06-23,29.1
2005-06-24,28.8
2005-06-27,28.7
2005-06-28,28.7
2005-06-29,27.9
2005-06-30,28.0
2005-07-01,28.3
2005-07-04,28.0
2005-07-05,27.7
2005-07-06,27.8
2005-07-07,27.8
2005-07-08,27.4
2005-07-11,28.9
2005-07-12,29.0
2005-07-13,28.9
2005-07-14,29.0
2005-07-15,28.8
2005-07-18,28.8
2005-07-19,28.6
2005-07-20,28.7
2005-07-21,28.7
2005-07-22,28.9
2005-07-25,28.5
2005-07-26,28.3
2005-07-27,27.0
2005-07-28,27.4
2005-07-29,27.1
2005-08-01,27.1
2005-08-02,27.9
2005-08-03,28.4
2005-08-04,27.8
2005-08-05,27.8
2005-08-08,27.2
2005-08-09,26.9
2005-08-10,26.8
2005-08-11,27.3
2005-08-12,27.3
2005-08-15,26.9
2005-08-16,26.9
2005-08-17,26.8
2005-08-18,26.4
2005-08-19,26.2
2005-08-22,26.4
2005-08-23,26.4
2005-08-24,26.2
2005-08-25,26.3
2005-08-26,26.8
2005-08-29,26.1
2005-08-30,26.0
2005-08-31,27.5
2005-09-01,27.5
2005-09-02,26.7
2005-09-05,26.5
2005-09-06,26.5
2005-09-07,26.4
2005-09-08,26.4
2005-09-09,26.2
2005-09-12,26.8
2005-09-13,27.2
2005-09-14,27.4
2005-09-15,27.4
2005-09-16,26.7
2005-09-19,27.1
2005-09-20,27.3
2005-09-21,27.3
2005-09-22,26.5
2005-09-23,26.1
2005-09-26,25.9
2005-09-27,26.2
2005-09-28,26.0
2005-09-29,27.4
2005-09-30,28.1
2005-10-03,27.8
2005-10-04,28.4
2005-10-05,28.5
2005-10-06,28.3
2005-10-07,28.4
2005-10-10,28.4
2005-10-11,27.8
2005-10-12,27.3
2005-10-13,27.1
2005-10-14,26.9
2005-10-17,26.4
2005-10-18,26.6
2005-10-19,26.1
2005-10-20,26.5
2005-10-21,25.9
2005-10-24,26.5
2005-10-25,26.7
2005-10-26,26.7
2005-10-27,26.1
2005-10-28,26.5
2005-10-31,27.4
2005-11-01,27.3
2005-11-02,27.7
2005-11-03,28.2
2005-11-04,28.5
2005-11-07,28.6
2005-11-08,28.7
2005-11-09,29.1
2005-11-10,29.4
2005-11-11,30.0
2005-11-14,30.0
2005-11-15,30.0
2005-11-16,29.9
2005-11-17,29.5
2005-11-18,30.1
2005-11-21,30.5
2005-11-22,30.5
2005-11-23,31.4
2005-11-24,31.4
2005-11-25,31.1
2005-11-28,31.3
2005-11-29,30.4
2005-11-30,31.3
2005-12-01,31.2
2005-12-02,31.9
2005-12-05,32.6
2005-12-06,32.9
2005-12-07,32.9
2005-12-08,32.5
2005-12-09,32.0
2005-12-12,32.2
2005-12-13,32.6
2005-12-14,32.2
2005-12-15,32.1
2005-12-16,32.6
2005-12-19,32.9
2005-12-20,32.8
2005-12-21,33.2
2005-12-22,31.7
2005-12-23,33.6
2005-12-26,32.4
2005-12-27,33.6
2005-12-28,33.4
2005-12-29,33.2
2005-12-30,32.9
2006-01-02,32.1
2006-01-03,33.1
2006-01-04,33.4
2006-01-05,33.7
2006-01-06,34.5
2006-01-09,35.8
2006-01-10,35.1
2006-01-11,34.6
2006-01-12,34.5
2006-01-13,33.9
2006-01-16,33.6
2006-01-17,34.0
2006-01-18,32.4
2006-01-19,32.6
2006-01-20,32.9
2006-01-23,32.5
2006-01-24,32.6
2006-01-25,33.4
2006-02-03,33.4
2006-02-06,35.0
2006-02-07,34.2
2006-02-08,33.2
2006-02-09,33.2
2006-02-10,32.9
2006-02-13,32.8
2006-02-14,32.8
2006-02-15,32.3
2006-02-16,32.8
2006-02-17,32.5
2006-02-20,33.0
2006-02-21,32.7
2006-02-22,32.6
2006-02-23,32.0
2006-02-24,32.1
2006-02-27,32.1
2006-03-01,31.8
2006-03-02,33.0
2006-03-03,32.5
2006-03-06,32.1
2006-03-07,31.6
2006-03-08,31.1
2006-03-09,31.5
2006-03-10,32.3
2006-03-13,32.3
2006-03-14,31.6
2006-03-15,32.2
2006-03-16,31.8
2006-03-17,31.9
2006-03-20,31.7
2006-03-21,31.8
2006-03-22,31.4
2006-03-23,31.4
2006-03-24,31.5
2006-03-27,31.7
2006-03-28,32.3
2006-03-29,32.6
2006-03-30,33.1
2006-03-31,33.8
2006-04-03,34.1
2006-04-04,33.9
2006-04-06,34.7
2006-04-07,35.5
2006-04-10,35.3
2006-04-11,34.8
2006-04-12,35.2
2006-04-13,35.4
2006-04-14,35.8
2006-04-17,35.7
2006-04-18,35.7
2006-04-19,36.5
2006-04-20,36.8
2006-04-21,36.5
2006-04-24,35.9
2006-04-25,35.3
2006-04-26,36.3
2006-04-27,35.4
2006-04-28,35.8
2006-05-02,35.4
2006-05-03,35.3
2006-05-04,35.5
2006-05-05,36.1
2006-05-08,36.5
2006-05-09,35.8
2006-05-10,35.0
2006-05-11,35.1
2006-05-12,34.2
2006-05-15,33.3
2006-05-16,32.8
2006-05-17,33.5
2006-05-18,31.8
2006-05-19,31.8
2006-05-22,32.0
2006-05-23,32.2
2006-05-24,32.1
2006-05-25,31.5
2006-05-26,31.3
2006-05-29,30.6
2006-05-30,31.7
2006-06-01,32.3
2006-06-02,32.9
2006-06-05,31.8
2006-06-06,32.0
2006-06-07,31.6
2006-06-08,29.4
2006-06-09,30.8
2006-06-12,30.3
2006-06-13,29.6
2006-06-14,30.6
2006-06-15,29.9
2006-06-16,31.3
2006-06-19,31.3
2006-06-20,31.0
2006-06-21,31.3
2006-06-22,32.7
2006-06-23,32.0
2006-06-26,32.3
2006-06-27,32.5
2006-06-28,31.7
2006-06-29,32.1
2006-06-30,33.1
2006-07-03,33.1
2006-07-04,33.3
2006-07-05,32.7
2006-07-06,32.3
2006-07-07,32.2
2006-07-10,32.2
2006-07-11,31.9
2006-07-12,32.3
2006-07-13,31.9
2006-07-14,31.2
2006-07-17,30.4
2006-07-18,30.6
2006-07-19,30.4
2006-07-20,31.8
2006-07-21,31.1
2006-07-24,29.9
2006-07-25,30.4
2006-07-26,30.4
2006-07-27,30.5
2006-07-28,30.8
2006-07-31,31.0
2006-08-01,31.2
2006-08-02,31.1
2006-08-03,31.1
2006-08-04,31.1
2006-08-07,30.9
2006-08-08,31.4
2006-08-09,31.6
2006-08-10,32.1
2006-08-11,32.5
2006-08-14,32.6
2006-08-15,32.6
2006-08-16,33.4
2006-08-17,33.8
2006-08-18,33.7
2006-08-21,32.8
2006-08-22,33.3
2006-08-23,32.9
2006-08-24,32.2
2006-08-25,32.3
2006-08-28,31.8
2006-08-29,32.0
2006-08-30,32.4
2006-08-31,32.9
2006-09-01,33.3
2006-09-04,33.6
2006-09-05,33.2
2006-09-06,32.7
2006-09-07,32.3
2006-09-08,31.9
2006-09-11,31.9
2006-09-12,32.1
2006-09-13,33.1
2006-09-14,33.1
2006-09-15,33.2
2006-09-18,33.9
2006-09-19,34.2
2006-09-20,33.9
2006-09-21,34.2
2006-09-22,33.8
2006-09-25,33.8
2006-09-26,34.2
2006-09-27,34.5
2006-09-28,34.5
2006-09-29,33.8
2006-10-02,34.1
2006-10-03,34.0
2006-10-04,33.1
2006-10-05,34.4
2006-10-09,34.4
2006-10-11,34.3
2006-10-12,34.5
2006-10-13,35.8
2006-10-16,36.8
2006-10-17,35.6
2006-10-18,35.1
2006-10-19,34.5
2006-10-20,35.0
2006-10-23,34.6
2006-10-24,35.7
2006-10-25,35.3
2006-10-26,34.6
2006-10-27,35.4
2006-10-30,34.4
2006-10-31,34.5
2006-11-01,34.1
2006-11-02,34.4
2006-11-03,34.6
2006-11-06,34.2
2006-11-07,34.3
2006-11-08,34.2
2006-11-09,34.2
2006-11-10,34.4
2006-11-13,34.0
2006-11-14,34.4
2006-11-15,35.0
2006-11-16,35.2
2006-11-17,35.3
2006-11-20,35.2
2006-11-21,35.7
2006-11-22,35.7
2006-11-23,35.9
2006-11-24,35.9
2006-11-27,36.6
2006-11-28,36.2
2006-11-29,36.5
2006-11-30,37.1
2006-12-01,37.6
2006-12-04,37.5
2006-12-05,37.9
2006-12-06,38.4
2006-12-07,37.9
2006-12-08,37.4
2006-12-11,37.6
2006-12-12,36.3
2006-12-13,36.7
2006-12-14,36.3
2006-12-15,36.7
2006-12-18,37.7
2006-12-19,36.8
2006-12-20,36.7
2006-12-21,36.7
2006-12-22,37.1
2006-12-25,36.8
2006-12-26,37.4
2006-12-27,37.6
2006-12-28,37.4
2006-12-29,38.2
2007-01-02,38.3
2007-01-03,38.5
2007-01-04,38.3
2007-01-05,37.9
2007-01-08,37.2
2007-01-09,37.4
2007-01-10,36.3
2007-01-11,37.2
2007-01-12,39.1
2007-01-15,39.2
2007-01-16,39.8
2007-01-17,40.1
2007-01-18,40.1
2007-01-19,39.5
2007-01-22,39.1
2007-01-23,38.9
2007-01-24,39.9
2007-01-25,40.2
2007-01-26,38.5
2007-01-29,38.8
2007-01-30,38.3
2007-01-31,38.1
2007-02-01,37.9
2007-02-02,38.4
2007-02-05,38.4
2007-02-06,39.0
2007-02-07,38.9
2007-02-08,38.7
2007-02-09,38.5
2007-02-12,37.9
2007-02-13,37.2
2007-02-14,38.1
2007-02-26,39.0
2007-02-27,39.2
2007-03-01,37.7
2007-03-02,37.6
2007-03-05,35.6
2007-03-06,36.8
2007-03-07,37.1
2007-03-08,37.3
2007-03-09,37.6
2007-03-12,38.0
2007-03-13,39.1
2007-03-14,38.4
2007-03-15,39.1
2007-03-16,39.1
2007-03-19,39.1
2007-03-20,39.2
2007-03-21,39.4
2007-03-22,39.7
2007-03-23,39.6
2007-03-26,39.6
2007-03-27,39.2
2007-03-28,38.7
2007-03-29,38.9
2007-03-30,38.4
2007-04-02,38.6
2007-04-03,38.5
2007-04-04,39.2
2007-04-09,39.1
2007-04-10,38.8
2007-04-11,39.2
2007-04-12,38.8
2007-04-13,38.7
2007-04-16,38.2
2007-04-17,38.5
2007-04-18,38.8
2007-04-19,38.1
2007-04-20,38.2
2007-04-23,38.8
2007-04-24,39.5
2007-04-25,39.2
2007-04-26,39.6
2007-04-27,39.1
2007-04-30,38.9
2007-05-02,38.5
2007-05-03,38.7
2007-05-04,39.1
2007-05-07,38.8
2007-05-08,38.5
2007-05-09,38.5
2007-05-10,38.8
2007-05-11,38.2
2007-05-14,38.0
2007-05-15,37.6
2007-05-16,37.7
2007-05-17,38.3
2007-05-18,38.8
2007-05-21,39.2
2007-05-22,38.7
2007-05-23,39.0
2007-05-24,38.8
2007-05-25,38.1
2007-05-28,38.3
2007-05-29,38.8
2007-05-30,38.5
2007-05-31,38.6
2007-06-01,38.9
2007-06-04,39.1
2007-06-05,39.1
2007-06-06,39.0
2007-06-07,39.1
2007-06-08,38.9
2007-06-11,39.0
2007-06-12,38.5
2007-06-13,38.1
2007-06-14,38.7
2007-06-15,39.1
2007-06-20,40.6
2007-06-21,41.1
2007-06-22,41.0
2007-06-25,41.9
2007-06-26,41.1
2007-06-27,41.3
2007-06-28,41.9
2007-06-29,42.2
2007-07-02,42.2
2007-07-03,42.3
2007-07-04,42.8
2007-07-05,42.5
2007-07-06,41.9
2007-07-09,42.8
2007-07-10,42.8
2007-07-11,43.1
2007-07-12,42.6
2007-07-13,43.4
2007-07-16,43.1
2007-07-17,43.2
2007-07-18,42.2
2007-07-19,41.6
2007-07-20,41.3
2007-07-23,40.9
2007-07-24,42.4
2007-07-25,41.4
2007-07-26,40.6
2007-07-27,38.1
2007-07-30,38.7
2007-07-31,38.7
2007-08-01,36.5
2007-08-02,37.9
2007-08-03,38.0
2007-08-06,37.2
2007-08-07,36.5
2007-08-08,37.3
2007-08-09,37.9
2007-08-10,36.6
2007-08-13,36.9
2007-08-14,36.8
2007-08-15,36.3
2007-08-16,35.1
2007-08-17,35.1
2007-08-20,37.0
2007-08-21,36.8
2007-08-22,36.2
2007-08-23,37.3
2007-08-24,36.6
2007-08-27,36.6
2007-08-28,36.5
2007-08-29,35.8
2007-08-30,36.0
2007-08-31,37.3
2007-09-03,37.2
2007-09-04,36.6
2007-09-05,36.7
2007-09-06,37.0
2007-09-07,36.9
2007-09-10,36.4
2007-09-11,36.5
2007-09-12,36.6
2007-09-13,36.0
2007-09-14,36.7
2007-09-17,36.2
2007-09-18,36.2
2007-09-19,36.5
2007-09-20,36.3
2007-09-21,36.6
2007-09-26,36.6
2007-09-27,37.8
2007-09-28,37.8
2007-10-01,38.0
2007-10-02,38.6
2007-10-03,38.7
2007-10-04,38.2
2007-10-05,38.4
2007-10-08,38.7
2007-10-09,38.5
2007-10-11,37.6
2007-10-12,36.5
2007-10-15,37.4
2007-10-16,37.1
2007-10-17,36.9
2007-10-18,37.4
2007-10-19,36.9
2007-10-22,36.0
2007-10-23,36.6
2007-10-24,36.2
2007-10-25,36.3
2007-10-26,36.6
2007-10-29,38.0
2007-10-30,37.5
2007-10-31,37.9
2007-11-01,38.2
2007-11-02,36.6
2007-11-05,37.2
2007-11-06,37.2
2007-11-07,37.5
2007-11-08,36.8
2007-11-09,37.0
2007-11-12,36.6
2007-11-13,36.7
2007-11-14,36.6
2007-11-15,36.2
2007-11-16,36.0
2007-11-19,36.0
2007-11-20,36.0
2007-11-21,34.8
2007-11-22,35.6
2007-11-23,35.4
2007-11-26,36.3
2007-11-27,35.1
2007-11-28,34.8
2007-11-29,35.7
2007-11-30,36.0
2007-12-03,35.6
2007-12-04,35.9
2007-12-05,36.2
2007-12-06,36.8
2007-12-07,37.2
2007-12-10,36.3
2007-12-11,37.3
2007-12-12,36.5
2007-12-13,36.1
2007-12-14,35.6
2007-12-17,35.4
2007-12-18,35.0
2007-12-19,35.2
2007-12-20,35.1
2007-12-21,35.1
2007-12-24,35.2
2007-12-25,35.4
2007-12-26,35.4
2007-12-27,36.7
2007-12-28,36.0
2007-12-31,35.4
2008-01-02,36.0
2008-01-03,35.3
2008-01-04,35.7
2008-01-07,33.2
2008-01-08,33.3
2008-01-09,33.9
2008-01-10,33.1
2008-01-11,32.7
2008-01-14,32.6
2008-01-15,34.2
2008-01-16,32.9
2008-01-17,32.5
2008-01-18,32.5
2008-01-21,31.7
2008-01-22,29.5
2008-01-23,30.3
2008-01-24,31.9
2008-01-25,33.0
2008-01-28,32.2
2008-01-29,33.9
2008-01-30,34.4
2008-01-31,35.6
2008-02-01,36.5
2008-02-12,35.7
2008-02-13,35.6
2008-02-14,36.9
2008-02-15,36.6
2008-02-18,35.7
2008-02-19,36.6
2008-02-20,36.3
2008-02-21,36.8
2008-02-22,36.2
2008-02-25,36.4
2008-02-26,37.1
2008-02-27,37.8
2008-02-29,36.6
2008-03-03,36.1
2008-03-04,37.4
2008-03-05,37.6
2008-03-06,38.6
2008-03-07,38.1
2008-03-10,36.4
2008-03-11,37.1
2008-03-12,37.9
2008-03-13,36.9
2008-03-14,36.3
2008-03-17,35.6
2008-03-18,35.6
2008-03-19,36.9
2008-03-20,37.2
2008-03-21,38.5
2008-03-24,40.1
2008-03-25,40.0
2008-03-26,39.8
2008-03-27,37.9
2008-03-28,37.0
2008-03-31,37.5
2008-04-01,36.7
2008-04-02,38.1
2008-04-03,38.3
2008-04-07,38.7
2008-04-08,38.3
2008-04-09,37.5
2008-04-10,38.4
2008-04-11,38.1
2008-04-14,37.5
2008-04-15,37.5
2008-04-16,38.8
2008-04-17,39.9
2008-04-18,39.7
2008-04-21,40.1
2008-04-22,40.0
2008-04-23,38.4
2008-04-24,38.0
2008-04-25,38.5
2008-04-28,39.5
2008-04-29,38.5
2008-04-30,39.7
2008-05-02,40.4
2008-05-05,40.0
2008-05-06,40.4
2008-05-07,40.6
2008-05-08,40.1
2008-05-09,39.4
2008-05-12,40.2
2008-05-13,41.0
2008-05-14,40.8
2008-05-15,40.8
2008-05-16,41.1
2008-05-19,41.3
2008-05-20,40.6
2008-05-21,40.0
2008-05-22,39.8
2008-05-23,38.9
2008-05-26,38.9
2008-05-27,39.1
2008-05-28,39.8
2008-05-29,39.9
2008-05-30,39.0
2008-06-02,40.2
2008-06-03,39.3
2008-06-04,39.9
2008-06-05,40.3
2008-06-06,40.7
2008-06-09,38.8
2008-06-10,38.0
2008-06-11,39.2
2008-06-12,38.5
2008-06-13,38.5
2008-06-16,39.2
2008-06-17,38.8
2008-06-18,38.9
2008-06-19,38.2
2008-06-20,37.9
2008-06-23,38.1
2008-06-24,38.2
2008-06-25,39.4
2008-06-26,38.7
2008-06-27,38.1
2008-06-30,38.7
2008-07-01,38.2
2008-07-02,36.7
2008-07-03,35.0
2008-07-04,35.1
2008-07-07,35.7
2008-07-08,35.0
2008-07-09,35.4
2008-07-10,35.4
2008-07-11,37.1
2008-07-14,36.0
2008-07-15,34.3
2008-07-16,33.9
2008-07-17,36.3
2008-07-18,36.6
2008-07-21,37.7
2008-07-22,36.5
2008-07-23,36.3
2008-07-24,37.2
2008-07-25,36.5
2008-07-28,36.5
2008-07-29,34.7
2008-07-30,36.0
2008-07-31,35.4
2008-08-01,35.3
2008-08-04,35.1
2008-08-05,34.9
2008-08-06,37.1
2008-08-07,37.5
2008-08-08,38.2
2008-08-11,38.2
2008-08-12,38.6
2008-08-13,38.6
2008-08-14,38.2
2008-08-15,38.2
2008-08-18,37.9
2008-08-19,37.8
2008-08-20,37.8
2008-08-21,37.5
2008-08-22,38.0
2008-08-25,38.2
2008-08-26,37.8
2008-08-27,38.1
2008-08-28,37.9
2008-08-29,37.2
2008-09-01,35.7
2008-09-02,34.2
2008-09-03,34.7
2008-09-04,33.7
2008-09-05,33.4
2008-09-08,35.8
2008-09-09,34.2
2008-09-10,33.9
2008-09-11,33.0
2008-09-12,33.2
2008-09-15,32.6
2008-09-16,32.2
2008-09-17,33.4
2008-09-18,32.8
2008-09-19,35.1
2008-09-22,35.2
2008-09-23,34.7
2008-09-24,33.6
2008-09-25,33.4
2008-09-26,33.7
2008-09-29,33.7
2008-09-30,33.1
2008-10-01,33.1
2008-10-02,32.4
2008-10-03,32.4
2008-10-06,30.9
2008-10-07,31.3
2008-10-08,29.2
2008-10-09,29.1
2008-10-13,29.4
2008-10-14,31.5
2008-10-15,30.4
2008-10-16,29.4
2008-10-17,28.4
2008-10-20,27.9
2008-10-21,27.8
2008-10-22,26.9
2008-10-23,26.0
2008-10-24,25.1
2008-10-27,24.2
2008-10-28,25.0
2008-10-29,26.5
2008-10-30,28.3
2008-10-31,30.3
2008-11-03,29.6
2008-11-04,30.3
2008-11-05,30.3
2008-11-06,28.2
2008-11-07,27.4
2008-11-10,27.2
2008-11-11,27.2
2008-11-12,27.4
2008-11-13,25.5
2008-11-14,26.3
2008-11-17,25.7
2008-11-18,24.3
2008-11-19,24.0
2008-11-20,23.2
2008-11-21,24.3
2008-11-24,23.5
2008-11-25,25.2
2008-11-26,24.6
2008-11-27,25.8
2008-11-28,25.7
2008-12-01,25.7
2008-12-02,23.9
2008-12-03,23.4
2008-12-04,23.4
2008-12-05,23.5
2008-12-08,25.1
2008-12-09,25.7
2008-12-10,27.5
2008-12-11,28.3
2008-12-12,26.4
2008-12-15,27.4
2008-12-16,28.1
2008-12-17,29.0
2008-12-18,28.4
2008-12-19,28.4
2008-12-22,28.1
2008-12-23,27.7
2008-12-24,27.4
2008-12-25,27.2
2008-12-26,27.4
2008-12-29,27.3
2008-12-30,28.5
2008-12-31,28.0
2009-01-05,29.2
2009-01-06,28.8
2009-01-07,28.1
2009-01-08,26.2
2009-01-09,25.9
2009-01-12,26.3
2009-01-13,27.6
2009-01-14,27.1
2009-01-15,25.9
2009-01-16,26.3
2009-01-19,25.9
2009-01-20,25.0
2009-01-21,25.4
2009-02-02,26.4
2009-02-03,27.0
2009-02-04,27.1
2009-02-05,26.7
2009-02-06,28.2
2009-02-09,28.7
2009-02-10,28.3
2009-02-11,29.0
2009-02-12,28.6
2009-02-13,29.0
2009-02-16,28.9
2009-02-17,27.6
2009-02-18,28.1
2009-02-19,28.6
2009-02-20,27.7
2009-02-23,28.4
2009-02-24,27.8
2009-02-25,28.2
2009-02-26,28.4
2009-02-27,28.4
2009-03-02,28.2
2009-03-03,28.1
2009-03-04,29.0
2009-03-05,29.4
2009-03-06,30.6
2009-03-09,30.4
2009-03-10,29.7
2009-03-11,30.7
2009-03-12,30.4
2009-03-13,31.2
2009-03-16,31.5
2009-03-17,31.5
2009-03-18,31.8
2009-03-19,31.0
2009-03-20,30.1
2009-03-23,31.7
2009-03-24,33.1
2009-03-25,32.9
2009-03-26,32.6
2009-03-27,32.7
2009-03-30,32.8
2009-03-31,32.4
2009-04-02,33.1
2009-04-03,33.2
2009-04-06,33.1
2009-04-07,32.9
2009-04-08,31.7
2009-04-09,33.1
2009-04-10,33.4
2009-04-13,33.2
2009-04-14,33.1
2009-04-15,32.8
2009-04-16,32.4
2009-04-17,31.8
2009-04-20,32.7
2009-04-21,32.5
2009-04-22,32.0
2009-04-23,32.4
2009-04-24,31.9
2009-04-27,31.9
2009-04-28,32.2
2009-04-29,32.5
2009-04-30,34.8
2009-05-04,37.2
2009-05-05,36.6
2009-05-06,36.3
2009-05-07,35.6
2009-05-08,35.5
2009-05-11,35.4
2009-05-12,34.9
2009-05-13,35.6
2009-05-14,34.4
2009-05-15,34.6
2009-05-18,35.3
2009-05-19,36.0
2009-05-20,35.4
2009-05-21,35.7
2009-05-22,35.4
2009-05-25,35.1
2009-05-26,35.7
2009-05-27,38.1
2009-06-01,37.2
2009-06-02,37.8
2009-06-03,37.7
2009-06-04,36.5
2009-06-05,36.2
2009-06-08,35.7
2009-06-09,35.4
2009-06-10,36.7
2009-06-11,36.8
2009-06-12,35.3
2009-06-15,33.6
2009-06-16,33.8
2009-06-17,32.8
2009-06-18,33.2
2009-06-19,33.0
2009-06-22,33.4
2009-06-23,32.4
2009-06-24,33.4
2009-06-25,33.9
2009-06-26,34.3
2009-06-29,33.7
2009-06-30,34.5
2009-07-01,34.7
2009-07-02,34.8
2009-07-03,34.7
2009-07-06,34.3
2009-07-07,34.9
2009-07-08,34.3
2009-07-09,34.9
2009-07-10,35.4
2009-07-13,34.7
2009-07-14,35.2
2009-07-15,35.9
2009-07-16,36.2
2009-07-17,36.2
2009-07-20,36.7
2009-07-21,37.2
2009-07-22,37.0
2009-07-23,37.9
2009-07-24,38.3
2009-07-27,38.6
2009-07-28,38.8
2009-07-29,37.9
2009-07-30,37.5
2009-07-31,39.5
2009-08-03,39.1
2009-08-04,38.6
2009-08-05,38.1
2009-08-06,38.1
2009-08-07,38.1
2009-08-10,38.7
2009-08-11,38.3
2009-08-12,38.5
2009-08-13,39.3
2009-08-14,39.5
2009-08-17,38.7
2009-08-18,38.6
2009-08-19,38.5
2009-08-20,38.7
2009-08-21,38.1
2009-08-24,39.1
2009-08-25,39.3
2009-08-26,39.5
2009-08-27,39.4
2009-08-28,39.9
2009-08-31,39.7
2009-09-01,40.9
2009-09-02,39.9
2009-09-03,40.1
2009-09-04,40.2
2009-09-07,41.5
2009-09-08,42.0
2009-09-09,41.5
2009-09-10,42.5
2009-09-11,41.8
2009-09-14,41.2
2009-09-15,41.9
2009-09-16,42.0
2009-09-17,41.9
2009-09-18,42.0
2009-09-21,41.7
2009-09-22,41.9
2009-09-23,41.7
2009-09-24,40.7
2009-09-25,40.9
2009-09-28,40.7
2009-09-29,42.7
2009-09-30,43.2
2009-10-01,43.5
2009-10-02,42.0
2009-10-05,41.5
2009-10-06,41.8
2009-10-07,41.6
2009-10-08,40.8
2009-10-09,40.9
2009-10-12,41.0
2009-10-13,41.4
2009-10-14,42.5
2009-10-15,42.7
2009-10-16,41.5
2009-10-19,41.1
2009-10-20,41.5
2009-10-21,41.3
2009-10-22,41.4
2009-10-23,41.2
2009-10-26,41.2
2009-10-27,41.1
2009-10-28,40.5
2009-10-29,40.4
2009-10-30,40.2
2009-11-02,40.1
2009-11-03,39.7
2009-11-04,39.9
2009-11-05,40.0
2009-11-06,40.2
2009-11-09,40.2
2009-11-10,40.5
2009-11-11,41.7
2009-11-12,41.7
2009-11-13,41.4
2009-11-16,41.8
2009-11-17,41.9
2009-11-18,42.1
2009-11-19,42.1
2009-11-20,41.3
2009-11-23,41.5
2009-11-24,41.8
2009-11-25,42.0
2009-11-26,41.5
2009-11-27,40.2
2009-11-30,40.9
2009-12-01,40.7
2009-12-02,40.7
2009-12-03,41.2
2009-12-04,41.2
2009-12-07,41.9
2009-12-08,41.8
2009-12-09,41.8
2009-12-10,41.1
2009-12-11,41.9
2009-12-14,42.0
2009-12-15,42.0
2009-12-16,41.4
2009-12-17,41.7
2009-12-18,41.5
2009-12-21,41.7
2009-12-22,42.1
2009-12-23,42.5
2009-12-24,42.6
2009-12-25,42.5
2009-12-28,42.7
2009-12-29,42.4
2009-12-30,42.8
2009-12-31,43.2
2010-01-04,43.5
2010-01-05,43.2
2010-01-06,43.5
2010-01-07,43.0
2010-01-08,42.9
2010-01-11,43.2
2010-01-12,42.6
2010-01-13,42.1
2010-01-14,42.3
2010-01-15,42.5
2010-01-18,42.1
2010-01-19,41.9
2010-01-20,42.2
2010-01-21,41.9
2010-01-22,40.9
2010-01-25,40.5
2010-01-26,40.3
2010-01-27,39.9
2010-01-28,40.2
2010-01-29,41.2
2010-02-01,40.1
2010-02-02,39.5
2010-02-03,40.1
2010-02-04,39.6
2010-02-05,38.3
2010-02-08,38.5
2010-02-09,39.3
2010-02-10,39.1
2010-02-22,39.5
2010-02-23,40.1
2010-02-24,39.2
2010-02-25,39.0
2010-02-26,39.4
2010-03-01,39.9
2010-03-02,40.1
2010-03-03,40.2
2010-03-04,39.7
2010-03-05,40.5
2010-03-08,41.0
2010-03-09,41.1
2010-03-10,41.1
2010-03-11,41.1
2010-03-12,40.7
2010-03-15,40.1
2010-03-16,40.0
2010-03-17,40.5
2010-03-18,40.5
2010-03-19,40.2
2010-03-22,39.5
2010-03-23,39.9
2010-03-24,40.6
2010-03-25,41.2
2010-03-26,41.5
2010-03-29,41.7
2010-03-30,41.7
2010-03-31,41.2
2010-04-01,41.6
2010-04-02,41.8
2010-04-06,42.5
2010-04-07,42.5
2010-04-08,41.7
2010-04-09,42.0
2010-04-12,42.3
2010-04-13,42.1
2010-04-14,42.7
2010-04-15,43.1
2010-04-16,42.2
2010-04-19,41.9
2010-04-20,42.1
2010-04-21,41.8
2010-04-22,41.3
2010-04-23,41.3
2010-04-26,42.5
2010-04-27,42.7
2010-04-28,41.6
2010-04-29,41.3
2010-04-30,41.4
2010-05-03,41.3
2010-05-04,40.9
2010-05-05,40.1
2010-05-06,39.9
2010-05-07,39.8
2010-05-10,40.1
2010-05-11,40.3
2010-05-12,40.3
2010-05-13,41.0
2010-05-14,41.0
2010-05-17,39.7
2010-05-18,39.9
2010-05-19,39.7
2010-05-20,39.5
2010-05-21,39.4
2010-05-24,39.5
2010-05-25,39.1
2010-05-26,39.5
2010-05-27,39.3
2010-05-28,39.3
2010-05-31,40.3
2010-06-01,40.1
2010-06-02,40.1
2010-06-03,40.7
2010-06-04,40.9
2010-06-07,39.7
2010-06-08,39.2
2010-06-09,39.3
2010-06-10,39.8
2010-06-11,40.5
2010-06-14,40.9
2010-06-15,41.1
2010-06-17,41.6
2010-06-18,42.0
2010-06-21,42.4
2010-06-22,41.9
2010-06-23,41.6
2010-06-24,41.5
2010-06-25,41.1
2010-06-28,41.3
2010-06-29,40.9
2010-06-30,40.6
2010-07-01,40.3
2010-07-02,40.4
2010-07-05,41.1
2010-07-06,42.2
2010-07-07,41.9
2010-07-08,42.5
2010-07-09,42.5
2010-07-12,42.1
2010-07-13,42.0
2010-07-14,42.5
2010-07-15,42.5
2010-07-16,42.2
2010-07-19,43.0
2010-07-20,43.3
2010-07-21,43.5
2010-07-22,43.7
2010-07-23,44.2
2010-07-26,44.1
2010-07-27,44.0
2010-07-28,44.4
2010-07-29,44.4
2010-07-30,44.0
2010-08-02,43.9
2010-08-03,43.7
2010-08-04,43.7
2010-08-05,43.6
2010-08-06,42.9
2010-08-09,42.8
2010-08-10,43.0
2010-08-11,43.0
2010-08-12,42.4
2010-08-13,42.3
2010-08-16,42.5
2010-08-17,42.1
2010-08-18,42.0
2010-08-19,42.3
2010-08-20,42.2
2010-08-23,42.3
2010-08-24,42.0
2010-08-25,41.3
2010-08-26,41.4
2010-08-27,41.4
2010-08-30,41.8
2010-08-31,41.5
2010-09-01,41.6
2010-09-02,41.9
2010-09-03,42.1
2010-09-06,42.6
2010-09-07,42.4
2010-09-08,41.8
2010-09-09,41.9
2010-09-10,41.8
2010-09-13,42.9
2010-09-14,43.0
2010-09-15,43.1
2010-09-16,42.6
2010-09-17,43.1
2010-09-20,43.7
2010-09-21,43.5
2010-09-23,42.3
2010-09-24,42.3
2010-09-27,42.8
2010-09-28,43.0
2010-09-29,43.3
2010-09-30,43.7
2010-10-01,43.7
2010-10-04,43.6
2010-10-05,43.0
2010-10-06,43.5
2010-10-07,43.2
2010-10-08,43.5
2010-10-11,43.3
2010-10-12,43.0
2010-10-13,43.0
2010-10-14,43.5
2010-10-15,43.6
2010-10-18,42.6
2010-10-19,42.8
2010-10-20,43.0
2010-10-21,43.0
2010-10-22,43.5
2010-10-25,43.7
2010-10-26,43.9
2010-10-27,43.7
2010-10-28,44.2
2010-10-29,44.2
2010-11-01,44.7
2010-11-02,44.6
2010-11-03,45.0
2010-11-04,45.0
2010-11-05,45.2
2010-11-08,44.6
2010-11-09,45.1
2010-11-10,45.2
2010-11-11,44.9
2010-11-12,44.4
2010-11-15,45.0
2010-11-16,45.4
2010-11-17,44.9
2010-11-18,44.6
2010-11-19,44.9
2010-11-22,44.9
2010-11-23,44.7
2010-11-24,44.5
2010-11-25,45.4
2010-11-26,45.4
2010-11-29,45.3
2010-11-30,44.7
2010-12-01,45.5
2010-12-02,46.6
2010-12-03,48.1
2010-12-06,48.2
2010-12-07,47.9
2010-12-08,47.9
2010-12-09,49.3
2010-12-10,49.1
2010-12-13,48.9
2010-12-14,48.6
2010-12-15,49.3
2010-12-16,50.1
2010-12-17,51.3
2010-12-20,50.1
2010-12-21,50.2
2010-12-22,50.1
2010-12-23,50.0
2010-12-24,49.9
2010-12-27,49.8
2010-12-28,49.9
2010-12-29,49.7
2010-12-30,49.7
2010-12-31,50.0
2011-01-03,50.1
2011-01-04,50.1
2011-01-05,49.2
2011-01-06,50.0
2011-01-07,51.1
2011-01-10,52.3
2011-01-11,52.5
2011-01-12,52.8
2011-01-13,52.5
2011-01-14,52.7
2011-01-17,53.4
2011-01-18,54.1
2011-01-19,54.9
2011-01-20,53.8
2011-01-21,52.5
2011-01-24,53.0
2011-01-25,52.8
2011-01-26,52.5
2011-01-27,53.0
2011-01-28,53.7
2011-02-08,53.2
2011-02-09,52.0
2011-02-10,50.7
2011-02-11,50.3
2011-02-14,51.1
2011-02-15,51.1
2011-02-16,50.8
2011-02-17,51.1
2011-02-18,51.4
2011-02-21,51.7
2011-02-22,51.1
2011-02-23,50.0
2011-02-24,49.7
2011-02-25,49.7
2011-03-01,50.3
2011-03-02,49.6
2011-03-03,49.9
2011-03-04,50.6
2011-03-07,49.9
2011-03-08,50.4
2011-03-09,50.3
2011-03-10,49.7
2011-03-11,49.3
2011-03-14,49.5
2011-03-15,47.9
2011-03-16,48.2
2011-03-17,47.5
2011-03-18,48.1
2011-03-21,48.6
2011-03-22,48.3
2011-03-23,48.4
2011-03-24,48.9
2011-03-25,50.1
2011-03-28,50.0
2011-03-29,49.9
2011-03-30,49.5
2011-03-31,49.7
2011-04-01,49.8
2011-04-06,51.3
2011-04-07,51.3
2011-04-08,51.3
2011-04-11,50.1
2011-04-12,49.4
2011-04-13,49.8
2011-04-14,49.2
2011-04-15,48.7
2011-04-18,48.6
2011-04-19,48.0
2011-04-20,49.2
2011-04-21,49.8
2011-04-22,49.9
2011-04-25,49.5
2011-04-26,49.5
2011-04-27,50.9
2011-04-28,51.4
2011-04-29,51.6
2011-05-03,52.5
2011-05-04,52.0
2011-05-05,52.7
2011-05-06,52.8
2011-05-09,53.2
2011-05-10,52.4
2011-05-11,52.8
2011-05-12,53.3
2011-05-13,53.5
2011-05-16,52.8
2011-05-17,53.2
2011-05-18,53.0
2011-05-19,53.0
2011-05-20,53.2
2011-05-23,52.9
2011-05-24,52.7
2011-05-25,52.5
2011-05-26,52.3
2011-05-27,52.1
2011-05-30,52.9
2011-05-31,54.0
2011-06-01,54.2
2011-06-02,53.8
2011-06-03,54.4
2011-06-07,54.6
2011-06-08,54.6
2011-06-09,54.2
2011-06-10,53.0
2011-06-13,52.6
2011-06-14,53.7
2011-06-15,54.2
2011-06-16,53.2
2011-06-17,52.3
2011-06-20,52.8
2011-06-21,53.5
2011-06-22,52.8
2011-06-23,52.3
2011-06-24,51.3
2011-06-27,50.7
2011-06-28,51.1
2011-06-29,52.5
2011-06-30,53.0
2011-07-01,53.5
2011-07-04,54.0
2011-07-05,53.8
2011-07-06,53.5
2011-07-07,52.6
2011-07-08,53.3
2011-07-11,52.4
2011-07-12,51.7
2011-07-13,53.0
2011-07-14,51.9
2011-07-15,51.4
2011-07-18,51.2
2011-07-19,50.3
2011-07-20,52.6
2011-07-21,52.6
2011-07-22,52.9
2011-07-25,52.9
2011-07-26,54.1
2011-07-27,53.9
2011-07-28,53.6
2011-07-29,52.9
2011-08-01,53.3
2011-08-02,52.5
2011-08-03,51.5
2011-08-04,51.4
2011-08-05,48.9
2011-08-08,47.9
2011-08-09,46.5
2011-08-10,48.3
2011-08-11,48.8
2011-08-12,47.8
2011-08-15,49.1
2011-08-16,48.5
2011-08-17,48.3
2011-08-18,47.3
2011-08-19,46.9
2011-08-22,47.8
2011-08-23,49.1
2011-08-24,49.6
2011-08-25,49.2
2011-08-26,49.9
2011-08-29,51.0
2011-08-30,50.7
2011-08-31,51.0
2011-09-01,50.4
2011-09-02,49.6
2011-09-05,48.9
2011-09-06,48.6
2011-09-07,50.4
2011-09-08,50.5
2011-09-09,50.9
2011-09-13,50.3
2011-09-14,49.4
2011-09-15,50.8
2011-09-16,52.2
2011-09-19,52.3
2011-09-20,51.8
2011-09-21,52.9
2011-09-22,50.7
2011-09-23,49.6
2011-09-26,49.4
2011-09-27,51.4
2011-09-28,51.7
2011-09-29,51.7
2011-09-30,51.4
2011-10-03,50.4
2011-10-04,50.8
2011-10-05,50.8
2011-10-06,50.7
2011-10-07,50.8
2011-10-11,51.4
2011-10-12,51.7
2011-10-13,51.7
2011-10-14,51.7
2011-10-17,52.2
2011-10-18,51.9
2011-10-19,52.2
2011-10-20,51.2
2011-10-21,51.7
2011-10-24,52.7
2011-10-25,52.5
2011-10-26,52.8
2011-10-27,52.8
2011-10-28,53.7
2011-10-31,54.1
2011-11-01,54.2
2011-11-02,54.3
2011-11-03,54.0
2011-11-04,54.8
2011-11-07,55.1
2011-11-08,54.7
2011-11-09,54.4
2011-11-10,53.3
2011-11-11,53.9
2011-11-14,55.8
2011-11-15,55.8
2011-11-16,55.4
2011-11-17,55.6
2011-11-18,54.5
2011-11-21,53.9
2011-11-22,54.4
2011-11-23,53.9
2011-11-24,53.5
2011-11-25,52.6
2011-11-28,54.1
2011-11-29,54.1
2011-11-30,54.8
2011-12-01,56.3
2011-12-02,55.8
2011-12-05,56.1
2011-12-06,55.4
2011-12-07,56.1
2011-12-08,56.1
2011-12-09,54.4
2011-12-12,55.1
2011-12-13,55.3
2011-12-14,54.7
2011-12-15,53.3
2011-12-16,53.4
2011-12-19,53.3
2011-12-20,53.5
2011-12-21,55.8
2011-12-22,55.1
2011-12-23,55.4
2011-12-26,55.1
2011-12-27,55.5
2011-12-28,55.6
2011-12-29,55.7
2011-12-30,55.7
2012-01-02,51.3
2012-01-03,51.8
2012-01-04,51.8
2012-01-05,55.8
2012-01-06,55.5
2012-01-09,55.5
2012-01-10,56.2
2012-01-11,56.2
2012-01-12,56.6
2012-01-13,56.9
2012-01-16,55.3
2012-01-17,55.5
2012-01-18,56.4
2012-01-30,57.8
2012-01-31,57.7
2012-02-01,56.6
2012-02-02,56.4
2012-02-03,56.0
2012-02-06,56.9
2012-02-07,56.9
2012-02-08,56.9
2012-02-09,57.3
2012-02-10,56.5
2012-02-13,56.3
2012-02-14,56.8
2012-02-15,57.7
2012-02-16,57.7
2012-02-17,58.8
2012-02-20,58.8
2012-02-21,58.8
2012-02-22,58.6
2012-02-23,57.4
2012-02-24,58.1
2012-02-29,59.6
2012-03-01,58.9
2012-03-02,58.8
2012-03-05,58.0
2012-03-06,58.4
2012-03-07,58.1
2012-03-08,58.6
2012-03-09,58.8
2012-03-12,58.8
2012-03-13,59.7
2012-03-14,61.1
2012-03-15,61.1
2012-03-16,59.6
2012-03-19,61.5
2012-03-20,61.1
2012-03-21,62.4
2012-03-22,62.6
2012-03-23,62.7
2012-03-26,61.4
2012-03-27,63.0
2012-03-28,62.8
2012-03-29,61.8
2012-03-30,62.4
2012-04-02,62.5
2012-04-03,62.5
2012-04-05,61.1
2012-04-06,61.6
2012-04-09,61.0
2012-04-10,60.2
2012-04-11,60.5
2012-04-12,60.7
2012-04-13,62.4
2012-04-16,62.4
2012-04-17,61.6
2012-04-18,62.5
2012-04-19,63.0
2012-04-20,61.9
2012-04-23,61.9
2012-04-24,62.2
2012-04-25,61.9
2012-04-26,61.7
2012-04-27,63.2
2012-04-30,63.8
2012-05-02,65.0
2012-05-03,65.3
2012-05-04,64.4
2012-05-07,62.9
2012-05-08,62.0
2012-05-09,62.2
2012-05-10,62.7
2012-05-11,62.8
2012-05-14,62.7
2012-05-15,62.8
2012-05-16,61.3
2012-05-17,62.5
2012-05-18,60.1
2012-05-21,60.6
2012-05-22,60.4
2012-05-23,58.1
2012-05-24,59.2
2012-05-25,58.8
2012-05-28,60.0
2012-05-29,60.5
2012-05-30,60.0
2012-05-31,62.5
2012-06-01,58.7
2012-06-04,56.2
2012-06-05,57.5
2012-06-06,57.2
2012-06-07,58.6
2012-06-08,57.2
2012-06-11,59.1
2012-06-12,58.3
2012-06-13,58.8
2012-06-14,58.2
2012-06-15,57.4
2012-06-18,59.4
2012-06-19,59.1
2012-06-20,60.0
2012-06-21,59.2
2012-06-22,58.9
2012-06-25,58.5
2012-06-26,57.8
2012-06-27,58.3
2012-06-28,58.7
2012-06-29,59.7
2012-07-02,61.2
2012-07-03,61.9
2012-07-04,61.9
2012-07-05,61.7
2012-07-06,61.6
2012-07-09,60.9
2012-07-10,60.3
2012-07-11,59.5
2012-07-12,57.7
2012-07-13,57.7
2012-07-16,57.5
2012-07-17,57.0
2012-07-18,57.0
2012-07-19,59.0
2012-07-20,58.4
2012-07-23,56.6
2012-07-24,57.0
2012-07-25,56.8
2012-07-26,58.1
2012-07-27,60.4
2012-07-30,60.2
2012-07-31,61.7
2012-08-01,60.9
2012-08-02,60.9
2012-08-03,60.8
2012-08-06,61.6
2012-08-07,62.0
2012-08-08,61.3
2012-08-09,62.7
2012-08-10,62.5
2012-08-13,63.0
2012-08-14,63.4
2012-08-15,63.2
2012-08-16,63.2
2012-08-17,62.5
2012-08-20,62.8
2012-08-21,63.7
2012-08-22,62.8
2012-08-23,63.0
2012-08-24,62.5
2012-08-27,63.2
2012-08-28,62.8
2012-08-29,63.0
2012-08-30,63.0
2012-08-31,63.5
2012-09-03,63.9
2012-09-04,64.0
2012-09-05,62.5
2012-09-06,61.8
2012-09-07,63.8
2012-09-10,63.6
2012-09-11,64.3
2012-09-12,64.4
2012-09-13,64.8
2012-09-14,65.9
2012-09-17,65.9
2012-09-18,65.3
2012-09-19,65.5
2012-09-20,65.0
2012-09-21,65.3
2012-09-24,65.6
2012-09-25,65.4
2012-09-26,65.8
2012-09-27,66.7
2012-09-28,68.4
2012-10-01,67.7
2012-10-02,68.3
2012-10-03,68.4
2012-10-04,69.0
2012-10-05,69.3
2012-10-08,67.9
2012-10-09,66.4
2012-10-11,65.1
2012-10-12,65.7
2012-10-15,65.8
2012-10-16,66.7
2012-10-17,66.6
2012-10-18,67.1
2012-10-19,66.1
2012-10-22,65.5
2012-10-23,65.3
2012-10-24,65.1
2012-10-25,64.6
2012-10-26,66.5
2012-10-29,67.1
2012-10-30,67.0
2012-10-31,67.6
2012-11-01,68.0
2012-11-02,68.5
2012-11-05,68.8
2012-11-06,68.9
2012-11-07,69.3
2012-11-08,68.9
2012-11-09,69.2
2012-11-12,69.6
2012-11-13,68.8
2012-11-14,68.9
2012-11-15,68.7
2012-11-16,68.7
2012-11-19,68.6
2012-11-20,68.9
2012-11-21,68.9
2012-11-22,69.6
2012-11-23,72.8
2012-11-26,72.6
2012-11-27,73.4
2012-11-28,73.1
2012-11-29,73.5
2012-11-30,75.2
2012-12-03,74.6
2012-12-04,73.6
2012-12-05,73.8
2012-12-06,73.6
2012-12-07,74.7
2012-12-10,73.5
2012-12-11,74.9
2012-12-12,75.0
2012-12-13,75.6
2012-12-14,75.0
2012-12-17,73.9
2012-12-18,73.7
2012-12-19,74.1
2012-12-20,73.1
2012-12-21,72.2
2012-12-24,72.5
2012-12-25,73.5
2012-12-26,73.1
2012-12-27,72.8
2012-12-28,73.9
2013-01-02,75.9
2013-01-03,76.9
2013-01-04,77.3
2013-01-07,76.6
2013-01-08,76.0
2013-01-09,76.2
2013-01-10,76.9
2013-01-11,76.9
2013-01-14,77.7
2013-01-15,76.6
2013-01-16,75.6
2013-01-17,75.7
2013-01-18,77.3
2013-01-21,76.6
2013-01-22,76.9
2013-01-23,76.9
2013-01-24,76.1
2013-01-25,75.4
2013-01-28,75.7
2013-01-29,76.9
2013-01-30,77.3
2013-01-31,77.3
2013-02-01,77.3
2013-02-04,78.5
2013-02-05,78.5
2013-02-06,80.0
2013-02-18,81.5
2013-02-19,81.5
2013-02-20,83.0
2013-02-21,81.5
2013-02-22,80.4
2013-02-25,80.0
2013-02-26,78.9
2013-02-27,79.6
2013-03-01,80.0
2013-03-04,77.7
2013-03-05,79.2
2013-03-06,79.2
2013-03-07,78.5
2013-03-08,78.9
2013-03-11,77.7
2013-03-12,78.1
2013-03-13,79.6
2013-03-14,79.2
2013-03-15,78.5
2013-03-18,76.6
2013-03-19,76.2
2013-03-20,75.3
2013-03-21,75.2
2013-03-22,74.7
2013-03-25,75.8
2013-03-26,75.4
2013-03-27,76.6
2013-03-28,76.2
2013-03-29,76.6
2013-04-01,76.9
2013-04-02,76.6
2013-04-03,76.6
2013-04-08,75.0
2013-04-09,74.3
2013-04-10,74.9
2013-04-11,77.3
2013-04-12,76.6
2013-04-15,75.7
2013-04-16,76.6
2013-04-17,76.2
2013-04-18,76.1
2013-04-19,81.1
2013-04-22,82.7
2013-04-23,80.8
2013-04-24,80.8
2013-04-25,81.5
2013-04-26,82.7
2013-04-29,82.3
2013-04-30,83.4
2013-05-02,84.2
2013-05-03,83.8
2013-05-06,84.9
2013-05-07,85.7
2013-05-08,87.2
2013-05-09,87.6
2013-05-10,87.2
2013-05-13,87.2
2013-05-14,88.0
2013-05-15,87.6
2013-05-16,86.5
2013-05-17,86.5
2013-05-20,86.9
2013-05-21,85.7
2013-05-22,85.3
2013-05-23,82.3
2013-05-24,83.4
2013-05-27,85.3
2013-05-28,83.4
2013-05-29,84.6
2013-05-30,83.8
2013-05-31,83.4
2013-06-03,81.9
2013-06-04,83.0
2013-06-05,83.4
2013-06-06,81.9
2013-06-07,82.7
2013-06-10,82.7
2013-06-11,82.3
2013-06-13,79.6
2013-06-14,80.8
2013-06-17,80.8
2013-06-18,81.1
2013-06-19,80.4
2013-06-20,79.2
2013-06-21,78.9
2013-06-24,76.9
2013-06-25,76.9
2013-06-26,77.3
2013-06-27,79.6
2013-06-28,84.6
2013-07-01,82.3
2013-07-02,83.8
2013-07-03,83.8
2013-07-04,83.8
2013-07-05,85.4
2013-07-08,82.2
2013-07-09,83.0
2013-07-10,83.0
2013-07-11,85.8
2013-07-12,86.2
2013-07-15,85.8
2013-07-16,84.6
2013-07-17,85.4
2013-07-18,82.6
2013-07-19,76.9
2013-07-22,76.0
2013-07-23,78.3
2013-07-24,79.9
2013-07-25,80.3
2013-07-26,80.3
2013-07-29,78.3
2013-07-30,79.9
2013-07-31,80.3
2013-08-01,78.7
2013-08-02,78.7
2013-08-05,78.7
2013-08-06,77.4
2013-08-07,76.0
2013-08-08,75.5
2013-08-09,75.5
2013-08-12,75.2
2013-08-13,76.1
2013-08-14,75.8
2013-08-15,75.2
2013-08-16,75.6
2013-08-19,74.8
2013-08-20,73.9
2013-08-22,74.0
2013-08-23,76.0
2013-08-26,75.8
2013-08-27,74.9
2013-08-28,75.8
2013-08-29,77.3
2013-08-30,78.7
2013-09-02,79.9
2013-09-03,79.9
2013-09-04,78.7
2013-09-05,79.5
2013-09-06,79.9
2013-09-09,80.7
2013-09-10,81.8
2013-09-11,81.8
2013-09-12,81.1
2013-09-13,80.3
2013-09-16,82.6
2013-09-17,82.6
2013-09-18,80.7
2013-09-23,82.6
2013-09-24,82.2
2013-09-25,80.7
2013-09-26,79.5
2013-09-27,80.7
2013-09-30,78.7
2013-10-01,79.5
2013-10-02,80.7
2013-10-03,82.2
2013-10-04,81.5
2013-10-07,80.7
2013-10-08,82.2
2013-10-09,82.2
2013-10-11,83.4
2013-10-14,82.2
2013-10-15,83.8
2013-10-16,83.0
2013-10-17,83.8
2013-10-18,86.2
2013-10-21,86.2
2013-10-22,87.3
2013-10-23,86.9
2013-10-24,86.2
2013-10-25,83.8
2013-10-28,85.8
2013-10-29,85.8
2013-10-30,86.2
2013-10-31,85.8
2013-11-01,85.8
2013-11-04,85.4
2013-11-05,83.4
2013-11-06,83.8
2013-11-07,83.8
2013-11-08,83.0
2013-11-11,81.8
2013-11-12,82.2
2013-11-13,80.7
2013-11-14,81.1
2013-11-15,81.5
2013-11-18,81.5
2013-11-19,82.2
2013-11-20,80.7
2013-11-21,79.1
2013-11-22,78.3
2013-11-25,79.1
2013-11-26,81.1
2013-11-27,82.2
2013-11-28,82.2
2013-11-29,82.2
2013-12-02,81.8
2013-12-03,81.5
2013-12-04,82.2
2013-12-05,81.5
2013-12-06,80.7
2013-12-09,82.2
2013-12-10,81.5
2013-12-11,82.2
2013-12-12,80.7
2013-12-13,80.3
2013-12-16,79.9
2013-12-17,81.1
2013-12-18,79.1
2013-12-19,80.3
2013-12-20,79.9
2013-12-23,81.5
2013-12-24,80.7
2013-12-25,80.7
2013-12-26,81.5
2013-12-27,81.8
2013-12-30,83.0
2013-12-31,82.6
2014-01-02,81.8
2014-01-03,80.3
2014-01-06,80.3
2014-01-07,79.9
2014-01-08,81.5
2014-01-09,79.1
2014-01-10,79.9
2014-01-13,80.7
2014-01-14,81.1
2014-01-15,82.2
2014-01-16,83.8
2014-01-17,84.2
2014-01-20,84.2
2014-01-21,83.4
2014-01-22,84.2
2014-01-23,84.2
2014-01-24,84.6
2014-01-27,82.2
2014-02-05,78.7
2014-02-06,79.9
2014-02-07,81.5
2014-02-10,80.7
2014-02-11,81.8
2014-02-12,82.2
2014-02-13,82.2
2014-02-14,84.2
2014-02-17,85.0
2014-02-18,84.6
2014-02-19,84.6
2014-02-20,83.4
2014-02-21,84.2
2014-02-24,83.8
2014-02-25,84.6
2014-02-26,84.2
2014-02-27,84.6
2014-03-03,84.6
2014-03-04,84.2
2014-03-05,86.2
2014-03-06,88.5
2014-03-07,89.7
2014-03-10,88.5
2014-03-11,89.3
2014-03-12,88.5
2014-03-13,91.2
2014-03-14,90.1
2014-03-17,89.3
2014-03-18,89.7
2014-03-19,89.7
2014-03-20,87.7
2014-03-21,88.1
2014-03-24,88.1
2014-03-25,88.9
2014-03-26,90.5
2014-03-27,90.9
2014-03-28,92.0
2014-03-31,92.8
2014-04-01,93.6
2014-04-02,94.0
2014-04-03,92.8
2014-04-07,92.0
2014-04-08,93.2
2014-04-09,93.2
2014-04-10,93.6
2014-04-11,94.0
2014-04-14,94.4
2014-04-15,95.9
2014-04-16,94.8
2014-04-17,94.0
2014-04-18,96.3
2014-04-21,95.2
2014-04-22,95.2
2014-04-23,94.8
2014-04-24,94.8
2014-04-25,92.8
2014-04-28,93.2
2014-04-29,94.4
2014-04-30,92.8
2014-05-02,92.4
2014-05-05,91.6
2014-05-06,92.4
2014-05-07,92.8
2014-05-08,93.6
2014-05-09,94.0
2014-05-12,92.8
2014-05-13,94.4
2014-05-14,95.6
2014-05-15,95.6
2014-05-16,95.6
2014-05-19,94.8
2014-05-20,94.8
2014-05-21,94.4
2014-05-22,95.6
2014-05-23,95.6
2014-05-26,96.3
2014-05-27,96.7
2014-05-28,97.1
2014-05-29,95.6
2014-05-30,93.6
2014-06-03,95.9
2014-06-04,96.7
2014-06-05,96.3
2014-06-06,95.9
2014-06-09,96.3
2014-06-10,97.5
2014-06-11,97.9
2014-06-12,96.7
2014-06-13,96.3
2014-06-16,97.1
2014-06-17,97.9
2014-06-18,98.3
2014-06-19,98.7
2014-06-20,97.5
2014-06-23,96.3
2014-06-24,96.3
2014-06-25,96.7
2014-06-26,97.5
2014-06-27,98.3
2014-06-30,99.1
2014-07-01,100.3
2014-07-02,103.8
2014-07-03,105.3
2014-07-04,105.7
2014-07-07,106.5
2014-07-08,105.3
2014-07-09,105.0
2014-07-10,105.3
2014-07-11,106.9
2014-07-14,106.1
2014-07-15,106.5
2014-07-16,104.5
2014-07-17,99.7
2014-07-18,98.9
2014-07-21,98.9
2014-07-22,99.7
2014-07-23,99.7
2014-07-24,100.1
2014-07-25,98.5
2014-07-28,97.3
2014-07-29,99.3
2014-07-30,99.7
2014-07-31,96.9
2014-08-01,96.1
2014-08-04,98.9
2014-08-05,95.7
2014-08-06,96.5
2014-08-07,97.3
2014-08-08,96.5
2014-08-11,96.5
2014-08-12,97.3
2014-08-13,98.1
2014-08-14,99.3
2014-08-15,99.3
2014-08-18,98.5
2014-08-19,99.3
2014-08-20,100.5
2014-08-21,99.7
2014-08-22,100.5
2014-08-25,100.1
2014-08-26,99.7
2014-08-27,100.5
2014-08-28,100.1
2014-08-29,99.3
2014-09-01,102.9
2014-09-02,100.9
2014-09-03,102.5
2014-09-04,102.1
2014-09-05,101.7
2014-09-09,101.7
2014-09-10,100.1
2014-09-11,100.1
2014-09-12,98.5
2014-09-15,98.9
2014-09-16,98.1
2014-09-17,99.7
2014-09-18,100.1
2014-09-19,100.1
2014-09-22,97.7
2014-09-23,98.1
2014-09-24,98.5
2014-09-25,97.7
2014-09-26,96.9
2014-09-29,96.5
2014-09-30,96.1
2014-10-01,97.3
2014-10-02,96.9
2014-10-03,99.7
2014-10-06,100.9
2014-10-07,100.1
2014-10-08,98.1
2014-10-09,100.1
2014-10-13,96.5
2014-10-14,96.9
2014-10-15,97.3
2014-10-16,97.3
2014-10-17,98.9
2014-10-20,100.9
2014-10-21,100.1
2014-10-22,103.3
2014-10-23,102.1
2014-10-24,100.5
2014-10-27,102.5
2014-10-28,102.5
2014-10-29,103.3
2014-10-30,102.9
2014-10-31,104.5
2014-11-03,104.9
2014-11-04,105.7
2014-11-05,105.7
2014-11-06,105.7
2014-11-07,104.9
2014-11-10,107.7
2014-11-11,107.3
2014-11-12,105.7
2014-11-13,107.3
2014-11-14,108.1
2014-11-17,106.5
2014-11-18,105.3
2014-11-19,108.9
2014-11-20,111.3
2014-11-21,110.9
2014-11-24,110.9
2014-11-25,111.3
2014-11-26,111.3
2014-11-27,112.1
2014-11-28,113.3
2014-12-01,112.1
2014-12-02,110.1
2014-12-03,110.5
2014-12-04,111.3
2014-12-05,110.1
2014-12-08,110.5
2014-12-09,110.5
2014-12-10,108.9
2014-12-11,107.7
2014-12-12,108.1
2014-12-15,108.9
2014-12-16,106.5
2014-12-17,104.5
2014-12-18,105.3
2014-12-19,110.5
2014-12-22,110.9
2014-12-23,110.1
2014-12-24,110.5
2014-12-25,110.1
2014-12-26,111.3
2014-12-29,112.9
2014-12-30,112.1
2014-12-31,112.9
2015-01-05,111.7
2015-01-06,106.9
2015-01-07,107.3
2015-01-08,110.5
2015-01-09,107.3
2015-01-12,105.7
2015-01-13,106.1
2015-01-14,104.1
2015-01-15,105.3
2015-01-16,109.7
2015-01-19,111.3
2015-01-20,110.5
2015-01-21,112.9
2015-01-22,112.1
2015-01-23,116.1
2015-01-26,116.1
2015-01-27,117.7
2015-01-28,117.3
2015-01-29,114.9
2015-01-30,112.9
2015-02-02,114.1
2015-02-03,115.7
2015-02-04,116.9
2015-02-05,116.5
2015-02-06,114.5
2015-02-09,113.7
2015-02-10,114.1
2015-02-11,118.5
2015-02-12,118.9
2015-02-13,118.9
2015-02-24,120.9
2015-02-25,123.7
2015-02-26,120.5
2015-03-02,119.3
2015-03-03,120.5
2015-03-04,120.5
2015-03-05,120.1
2015-03-06,119.3
2015-03-09,116.5
2015-03-10,115.3
2015-03-11,116.9
2015-03-12,118.5
2015-03-13,119.3
2015-03-16,116.9
2015-03-17,119.3
2015-03-18,122.9
2015-03-19,123.3
2015-03-20,123.3
2015-03-23,122.9
2015-03-24,121.3
2015-03-25,120.9
2015-03-26,116.5
2015-03-27,114.1
2015-03-30,114.1
2015-03-31,116.5
2015-04-01,115.3
2015-04-02,117.7
2015-04-07,116.9
2015-04-08,114.5
2015-04-09,114.5
2015-04-10,117.7
2015-04-13,117.7
2015-04-14,115.3
2015-04-15,114.5
2015-04-16,117.7
2015-04-17,114.1
2015-04-20,114.5
2015-04-21,114.1
2015-04-22,114.9
2015-04-23,117.7
2015-04-24,122.1
2015-04-27,121.3
2015-04-28,121.3
2015-04-29,118.9
2015-04-30,117.7
2015-05-04,118.1
2015-05-05,117.7
2015-05-06,118.1
2015-05-07,117.3
2015-05-08,117.3
2015-05-11,118.9
2015-05-12,118.1
2015-05-13,118.5
2015-05-14,116.9
2015-05-15,117.3
2015-05-18,117.3
2015-05-19,117.3
2015-05-20,117.3
2015-05-21,116.5
2015-05-22,116.5
2015-05-25,118.1
2015-05-26,117.3
2015-05-27,116.1
2015-05-28,117.7
2015-05-29,116.9
2015-06-01,116.1
2015-06-02,115.3
2015-06-03,114.5
2015-06-04,112.9
2015-06-05,112.1
2015-06-08,110.9
2015-06-09,111.3
2015-06-10,111.7
2015-06-11,114.9
2015-06-12,115.7
2015-06-15,114.5
2015-06-16,113.7
2015-06-17,114.1
2015-06-18,113.7
2015-06-22,113.7
2015-06-23,115.7
2015-06-24,116.1
2015-06-25,117.3
2015-06-26,116.9
2015-06-29,114.4
2015-06-30,116.1
2015-07-01,116.5
2015-07-02,116.9
2015-07-03,117.7
2015-07-06,116.1
2015-07-07,116.1
2015-07-08,114.0
2015-07-09,112.8
2015-07-10,112.8
2015-07-13,114.4
2015-07-14,114.4
2015-07-15,114.4
2015-07-16,112.8
2015-07-17,115.7
2015-07-20,114.9
2015-07-21,116.1
2015-07-22,114.9
2015-07-23,112.4
2015-07-24,113.2
2015-07-27,110.7
2015-07-28,110.7
2015-07-29,112.0
2015-07-30,114.4
2015-07-31,115.3
2015-08-03,111.1
2015-08-04,112.8
2015-08-05,110.7
2015-08-06,110.7
2015-08-07,109.9
2015-08-10,106.6
2015-08-11,107.8
2015-08-12,106.2
2015-08-13,105.8
2015-08-14,104.1
2015-08-17,102.5
2015-08-18,104.1
2015-08-19,103.3
2015-08-20,104.1
2015-08-21,100.0
2015-08-24,95.0
2015-08-25,102.0
2015-08-26,101.2
2015-08-27,102.5
2015-08-28,103.3
2015-08-31,106.6
2015-09-01,102.5
2015-09-02,103.7
2015-09-03,104.9
2015-09-04,103.3
2015-09-07,101.2
2015-09-08,101.6
2015-09-09,106.6
2015-09-10,103.3
2015-09-11,105.4
2015-09-14,105.4
2015-09-15,104.1
2015-09-16,107.0
2015-09-17,108.2
2015-09-18,108.7
2015-09-21,107.0
2015-09-22,106.6
2015-09-23,102.9
2015-09-24,104.9
2015-09-25,104.9
2015-09-29,104.9
2015-09-30,107.4
2015-10-01,110.3
2015-10-02,109.1
2015-10-05,109.5
2015-10-06,109.9
2015-10-07,111.5
2015-10-08,112.4
2015-10-12,114.4
2015-10-13,113.6
2015-10-14,112.8
2015-10-15,115.7
2015-10-16,113.6
2015-10-19,114.0
2015-10-20,114.9
2015-10-21,114.4
2015-10-22,113.6
2015-10-23,115.7
2015-10-26,115.7
2015-10-27,114.9
2015-10-28,114.0
2015-10-29,112.8
2015-10-30,112.8
2015-11-02,113.6
2015-11-03,115.3
2015-11-04,119.4
2015-11-05,117.7
2015-11-06,115.7
2015-11-09,117.3
2015-11-10,115.3
2015-11-11,113.6
2015-11-12,114.4
2015-11-13,112.4
2015-11-16,111.5
2015-11-17,114.4
2015-11-18,113.2
2015-11-19,116.1
2015-11-20,116.5
2015-11-23,116.5
2015-11-24,115.3
2015-11-25,116.5
2015-11-26,117.7
2015-11-27,114.9
2015-11-30,114.9
2015-12-01,117.7
2015-12-02,117.7
2015-12-03,117.7
2015-12-04,116.1
2015-12-07,118.6
2015-12-08,117.7
2015-12-09,116.1
2015-12-10,116.5
2015-12-11,115.3
2015-12-14,114.9
2015-12-15,114.0
2015-12-16,118.6
2015-12-17,119.8
2015-12-18,117.3
2015-12-21,116.9
2015-12-22,117.3
2015-12-23,116.9
2015-12-24,117.3
2015-12-25,118.2
2015-12-28,118.6
2015-12-29,117.3
2015-12-30,117.7
2015-12-31,118.2
2016-01-04,115.3
2016-01-05,114.0
2016-01-06,112.0
2016-01-07,109.9
2016-01-08,110.7
2016-01-11,109.9
2016-01-12,109.9
2016-01-13,110.3
2016-01-14,108.7
2016-01-15,113.2
2016-01-18,113.2
2016-01-19,114.0
2016-01-20,111.1
2016-01-21,111.5
2016-01-22,114.4
2016-01-25,115.3
2016-01-26,113.6
2016-01-27,115.3
2016-01-28,115.7
2016-01-29,118.2
2016-02-01,119.0
2016-02-02,117.7
2016-02-03,120.6
2016-02-15,119.8
2016-02-16,121.9
2016-02-17,122.3
2016-02-18,124.8
2016-02-19,124.8
2016-02-22,124.8
2016-02-23,123.5
2016-02-24,122.3
2016-02-25,124.4
2016-02-26,123.1
2016-03-01,125.6
2016-03-02,126.4
2016-03-03,127.2
2016-03-04,126.0
2016-03-07,125.6
2016-03-08,125.6
2016-03-09,126.4
2016-03-10,127.7
2016-03-11,128.1
2016-03-14,128.9
2016-03-15,127.7
2016-03-16,128.9
2016-03-17,131.0
2016-03-18,131.8
2016-03-21,132.2
2016-03-22,131.0
2016-03-23,131.8
2016-03-24,131.0
2016-03-25,130.6
2016-03-28,131.4
2016-03-29,131.4
2016-03-30,133.4
2016-03-31,133.9
2016-04-01,131.0
2016-04-06,126.8
2016-04-07,127.7
2016-04-08,130.1
2016-04-11,131.0
2016-04-12,131.0
2016-04-13,133.4
2016-04-14,133.4
2016-04-15,131.8
2016-04-18,130.6
2016-04-19,130.1
2016-04-20,127.2
2016-04-21,129.7
2016-04-22,129.3
2016-04-25,130.1
2016-04-26,130.6
2016-04-27,129.3
2016-04-28,126.4
2016-04-29,123.9
2016-05-03,121.9
2016-05-04,121.5
2016-05-05,121.9
2016-05-06,122.3
2016-05-09,121.9
2016-05-10,121.5
2016-05-11,121.5
2016-05-12,120.6
2016-05-13,119.0
2016-05-16,119.4
2016-05-17,121.5
2016-05-18,121.5
2016-05-19,121.5
2016-05-20,122.7
2016-05-23,127.2
2016-05-24,124.8
2016-05-25,127.7
2016-05-26,128.1
2016-05-27,129.3
2016-05-30,129.7
2016-05-31,129.3
2016-06-01,131.4
2016-06-02,131.4
2016-06-03,132.6
2016-06-06,133.0
2016-06-07,133.9
2016-06-08,136.8
2016-06-13,133.9
2016-06-14,133.9
2016-06-15,134.7
2016-06-16,132.6
2016-06-17,134.7
2016-06-20,134.7
2016-06-21,136.8
2016-06-22,137.2
2016-06-23,135.5
2016-06-24,131.4
2016-06-27,133.5
2016-06-28,134.8
2016-06-29,136.5
2016-06-30,139.5
2016-07-01,142.5
2016-07-04,142.5
2016-07-05,140.8
2016-07-06,138.7
2016-07-07,141.3
2016-07-08,141.3
2016-07-11,146.0
2016-07-12,146.8
2016-07-13,144.7
2016-07-14,145.1
2016-07-15,145.5
2016-07-18,145.5
2016-07-19,146.4
2016-07-20,146.0
2016-07-21,147.7
2016-07-22,146.8
2016-07-25,147.3
2016-07-26,148.6
2016-07-27,150.3
2016-07-28,151.6
2016-07-29,148.1
2016-08-01,152.0
2016-08-02,151.1
2016-08-03,148.1
2016-08-04,149.8
2016-08-05,152.0
2016-08-08,152.8
2016-08-09,153.3
2016-08-10,154.1
2016-08-11,151.6
2016-08-12,152.4
2016-08-15,153.7
2016-08-16,150.7
2016-08-17,152.0
2016-08-18,151.1
2016-08-19,149.8
2016-08-22,148.1
2016-08-23,150.3
2016-08-24,149.0
2016-08-25,151.6
2016-08-26,152.0
2016-08-29,151.1
2016-08-30,149.4
2016-08-31,151.6
2016-09-01,149.4
2016-09-02,149.4
2016-09-05,152.0
2016-09-06,152.8
2016-09-07,158.9
2016-09-08,157.1
2016-09-09,155.0
2016-09-12,150.7
2016-09-13,150.7
2016-09-14,149.4
2016-09-19,157.1
2016-09-20,157.6
2016-09-21,158.0
2016-09-22,158.9
2016-09-23,160.6
2016-09-26,157.6
2016-09-27,157.6
2016-09-29,160.6
2016-09-30,158.0
2016-10-03,159.7
2016-10-04,160.6
2016-10-05,159.7
2016-10-06,161.0
2016-10-07,161.4
2016-10-11,161.0
2016-10-12,162.7
2016-10-13,161.9
2016-10-14,161.4
2016-10-17,160.1
2016-10-18,160.6
2016-10-19,162.7
2016-10-20,163.6
2016-10-21,161.9
2016-10-24,164.0
2016-10-25,165.7
2016-10-26,164.4
2016-10-27,161.9
2016-10-28,162.7
2016-10-31,161.9
2016-11-01,162.7
2016-11-02,159.7
2016-11-03,158.4
2016-11-04,158.4
2016-11-07,162.3
2016-11-08,161.9
2016-11-09,156.3
2016-11-10,159.3
2016-11-11,155.9
2016-11-14,155.0
2016-11-15,154.6
2016-11-16,154.6
2016-11-17,155.9
2016-11-18,155.4
2016-11-21,155.4
2016-11-22,158.0
2016-11-23,159.3
2016-11-24,157.1
2016-11-25,156.3
2016-11-28,158.0
2016-11-29,156.3
2016-11-30,157.1
2016-12-01,157.1
2016-12-02,152.8
2016-12-05,153.7
2016-12-06,156.3
2016-12-07,155.9
2016-12-08,159.3
2016-12-09,159.7
2016-12-12,158.9
2016-12-13,159.7
2016-12-14,161.0
2016-12-15,160.6
2016-12-16,158.9
2016-12-19,156.7
2016-12-20,156.7
2016-12-21,154.6
2016-12-22,153.7
2016-12-23,153.3
2016-12-26,154.1
2016-12-27,154.6
2016-12-28,156.3
2016-12-29,154.6
2016-12-30,155.9
2017-01-03,157.1
2017-01-04,157.1
2017-01-05,157.6
2017-01-06,158.0
2017-01-09,158.0
2017-01-10,158.0
2017-01-11,156.3
2017-01-12,158.4
2017-01-13,155.9
2017-01-16,154.1
2017-01-17,155.4
2017-01-18,155.4
2017-01-19,155.0
2017-01-20,155.4
2017-01-23,158.9
2017-01-24,159.3
2017-02-02,158.4
2017-02-03,158.4
2017-02-06,158.4
2017-02-07,158.4
2017-02-08,157.6
2017-02-09,158.0
2017-02-10,159.3
2017-02-13,161.0
2017-02-14,161.0
2017-02-15,162.3
2017-02-16,162.3
2017-02-17,162.7
2017-02-20,163.2
2017-02-21,163.2
2017-02-22,161.9
2017-02-23,161.9
2017-02-24,162.3
2017-03-01,159.7
2017-03-02,159.7
2017-03-03,158.0
2017-03-06,157.6
2017-03-07,159.3
2017-03-08,160.6
2017-03-09,158.4
2017-03-10,157.6
2017-03-13,160.1
2017-03-14,159.7
2017-03-15,160.1
2017-03-16,163.2
2017-03-17,164.4
2017-03-20,164.4
2017-03-21,167.4
2017-03-22,166.2
2017-03-23,166.2
2017-03-24,165.3
2017-03-27,165.7
2017-03-28,167.0
2017-03-29,164.4
2017-03-30,164.4
2017-03-31,162.3
2017-04-05,165.7
2017-04-06,164.4
2017-04-07,164.0
2017-04-10,163.2
2017-04-11,164.0
2017-04-12,164.0
2017-04-13,164.4
2017-04-14,162.3
2017-04-17,161.0
2017-04-18,161.4
2017-04-19,160.1
2017-04-20,160.6
2017-04-21,163.2
2017-04-24,163.2
2017-04-25,164.9
2017-04-26,164.0
2017-04-27,165.7
2017-04-28,167.0
2017-05-02,168.7
2017-05-03,170.0
2017-05-04,170.0
2017-05-05,169.6
2017-05-08,173.9
2017-05-09,174.7
2017-05-10,176.5
2017-05-11,178.2
2017-05-12,176.9
2017-05-15,176.9
2017-05-16,175.6
2017-05-17,175.2
2017-05-18,174.7
2017-05-19,174.3
2017-05-22,176.0
2017-05-23,176.0
2017-05-24,176.5
2017-05-25,177.8
2017-05-26,177.8
2017-05-31,174.3
2017-06-01,177.8
2017-06-02,179.5
2017-06-05,182.0
2017-06-06,180.8
2017-06-07,181.6
2017-06-08,182.9
2017-06-09,182.0
2017-06-12,178.2
2017-06-13,178.6
2017-06-14,177.8
2017-06-15,178.6
2017-06-16,181.6
2017-06-19,182.9
2017-06-20,185.9
2017-06-21,185.0
2017-06-22,187.2
2017-06-23,186.3
2017-06-26,190.8
2017-06-27,187.7
2017-06-28,185.0
2017-06-29,186.3
2017-06-30,185.0
2017-07-03,185.5
2017-07-04,183.7
2017-07-05,185.0
2017-07-06,184.1
2017-07-07,182.8
2017-07-10,182.8
2017-07-11,188.1
2017-07-12,186.8
2017-07-13,190.3
2017-07-14,189.0
2017-07-17,189.0
2017-07-18,189.9
2017-07-19,190.3
2017-07-20,191.2
2017-07-21,189.9
2017-07-24,190.3
2017-07-25,189.9
2017-07-26,189.0
2017-07-27,191.2
2017-07-28,189.0
2017-07-31,190.3
2017-08-01,188.1
2017-08-02,191.7
2017-08-03,189.4
2017-08-04,189.0
2017-08-07,191.7
2017-08-08,193.0
2017-08-09,190.3
2017-08-10,189.9
2017-08-11,188.6
2017-08-14,187.2
2017-08-15,189.9
2017-08-16,189.0
2017-08-17,189.9
2017-08-18,188.6
2017-08-21,187.7
2017-08-22,190.3
2017-08-23,191.2
2017-08-24,192.5
2017-08-25,193.0
2017-08-28,191.7
2017-08-29,191.7
2017-08-30,193.0
2017-08-31,192.1
2017-09-01,192.1
2017-09-04,193.0
2017-09-05,193.4
2017-09-06,192.5
2017-09-07,192.5
2017-09-08,193.4
2017-09-11,192.5
2017-09-12,194.3
2017-09-13,193.4
2017-09-14,193.9
2017-09-15,193.9
2017-09-18,194.8
2017-09-19,196.5
2017-09-20,196.5
2017-09-21,196.1
2017-09-22,193.9
2017-09-25,192.5
2017-09-26,189.9
2017-09-27,190.8
2017-09-28,189.9
2017-09-29,192.1
2017-10-02,195.7
2017-10-03,197.4
2017-10-05,199.2
2017-10-06,199.2
2017-10-11,206.7
2017-10-12,210.7
2017-10-13,210.7
2017-10-16,211.2
2017-10-17,209.0
2017-10-18,210.7
2017-10-19,212.1
2017-10-20,210.7
2017-10-23,212.1
2017-10-24,211.2
2017-10-25,211.2
2017-10-26,209.4
2017-10-27,212.1
2017-10-30,215.6
2017-10-31,215.6
2017-11-01,215.2
2017-11-02,213.8
2017-11-03,212.1
2017-11-06,212.5
2017-11-07,216.5
2017-11-08,215.2
2017-11-09,213.8
2017-11-10,213.4
2017-11-13,212.5
2017-11-14,213.0
2017-11-15,210.7
2017-11-16,211.2
2017-11-17,214.3
2017-11-20,211.6
2017-11-21,215.6
2017-11-22,214.7
2017-11-23,215.2
2017-11-24,216.5
2017-11-27,210.3
2017-11-28,207.6
2017-11-29,208.1
2017-11-30,200.5
2017-12-01,205.0
2017-12-04,207.6
2017-12-05,203.6
2017-12-06,201.4
2017-12-07,201.0
2017-12-08,201.4
2017-12-11,201.9
2017-12-12,201.9
2017-12-13,201.4
2017-12-14,204.5
2017-12-15,204.1
2017-12-18,201.4
2017-12-19,199.6
2017-12-20,199.2
2017-12-21,199.6
2017-12-22,201.9
2017-12-25,202.8
2017-12-26,200.5
2017-12-27,199.6
2017-12-28,200.5
2017-12-29,203.6
2018-01-02,206.3
2018-01-03,210.3
2018-01-04,212.5
2018-01-05,213.0
2018-01-08,214.7
2018-01-09,214.7
2018-01-10,209.9
2018-01-11,208.5
2018-01-12,210.3
2018-01-15,213.0
2018-01-16,213.4
2018-01-17,214.7
2018-01-18,220.5
2018-01-19,226.7
2018-01-22,232.0
2018-01-23,236.0
2018-01-24,228.9
2018-01-25,228.9
2018-01-26,226.3
2018-01-29,229.4
2018-01-30,224.5
2018-01-31,226.3
2018-02-01,230.3
2018-02-02,230.3
2018-02-05,224.5
2018-02-06,212.1
2018-02-07,213.0
2018-02-08,211.6
2018-02-09,206.3
2018-02-12,209.9
2018-02-21,215.2
2018-02-22,212.5
2018-02-23,217.4
2018-02-26,218.7
2018-02-27,218.3
2018-03-01,215.6
2018-03-02,213.0
2018-03-05,214.3
2018-03-06,221.8
2018-03-07,219.2
2018-03-08,221.4
2018-03-09,222.3
2018-03-12,225.4
2018-03-13,229.8
2018-03-14,228.0
2018-03-15,226.3
2018-03-16,226.3
2018-03-19,226.3
2018-03-20,224.5
2018-03-21,224.0
2018-03-22,223.2
2018-03-23,217.4
2018-03-26,216.1
2018-03-27,222.7
2018-03-28,217.4
2018-03-29,216.5
2018-03-30,218.3
2018-04-02,218.7
2018-04-03,216.5
2018-04-09,217.4
2018-04-10,217.8
2018-04-11,220.1
2018-04-12,217.4
2018-04-13,216.9
2018-04-16,216.1
2018-04-17,211.2
2018-04-18,211.2
2018-04-19,216.9
2018-04-20,203.2
2018-04-23,201.0
2018-04-24,201.4
2018-04-25,199.6
2018-04-26,197.0
2018-04-27,198.3
2018-04-30,201.4
2018-05-02,197.9
2018-05-03,195.7
2018-05-04,197.9
2018-05-07,198.3
2018-05-08,202.3
2018-05-09,203.6
2018-05-10,203.6
2018-05-11,206.7
2018-05-14,206.7
2018-05-15,204.5
2018-05-16,204.5
2018-05-17,201.0
2018-05-18,198.3
2018-05-21,203.2
2018-05-22,203.2
2018-05-23,202.8
2018-05-24,203.2
2018-05-25,202.8
2018-05-28,201.4
2018-05-29,199.6
2018-05-30,196.1
2018-05-31,198.8
2018-06-01,198.8
2018-06-04,203.2
2018-06-05,203.2
2018-06-06,204.1
2018-06-07,204.1
2018-06-08,201.4
2018-06-11,200.5
2018-06-12,203.2
2018-06-13,205.9
2018-06-14,201.0
2018-06-15,205.0
2018-06-19,199.6
2018-06-20,200.5
2018-06-21,201.0
2018-06-22,201.9
2018-06-25,200.5
2018-06-26,197.3
2018-06-27,195.9
2018-06-28,195.0
2018-06-29,199.1
2018-07-02,196.8
2018-07-03,197.3
2018-07-04,198.6
2018-07-05,197.3
2018-07-06,199.6
2018-07-09,203.7
2018-07-10,204.2
2018-07-11,202.3
2018-07-12,202.8
2018-07-13,206.5
2018-07-16,205.5
2018-07-17,203.7
2018-07-18,205.1
2018-07-19,206.5
2018-07-20,218.4
2018-07-23,221.6
2018-07-24,221.6
2018-07-25,221.2
2018-07-26,221.6
2018-07-27,224.9
2018-07-30,225.8
2018-07-31,226.2
2018-08-01,228.1
2018-08-02,224.9
2018-08-03,227.2
2018-08-06,225.8
2018-08-07,222.1
2018-08-08,227.6
2018-08-09,227.2
2018-08-10,225.3
2018-08-13,221.2
2018-08-14,223.9
2018-08-15,222.1
2018-08-16,219.8
2018-08-17,220.3
2018-08-20,220.3
2018-08-21,221.6
2018-08-22,222.6
2018-08-23,224.9
2018-08-24,223.9
2018-08-27,225.3
2018-08-28,229.5
2018-08-29,238.2
2018-08-30,242.3
2018-08-31,235.4
2018-09-03,236.4
2018-09-04,236.8
2018-09-05,242.8
2018-09-06,240.0
2018-09-07,242.8
2018-09-10,243.3
2018-09-11,239.1
2018-09-12,239.6
2018-09-13,234.5
2018-09-14,240.0
2018-09-17,237.3
2018-09-18,234.1
2018-09-19,237.3
2018-09-20,239.1
2018-09-21,240.5
2018-09-25,242.3
2018-09-26,242.3
2018-09-27,243.7
2018-09-28,241.4
2018-10-01,241.9
2018-10-02,236.8
2018-10-03,239.1
2018-10-04,233.6
2018-10-05,229.9
2018-10-08,223.9
2018-10-09,224.4
2018-10-11,209.2
2018-10-12,218.0
2018-10-15,212.0
2018-10-16,218.0
2018-10-17,219.3
2018-10-18,217.5
2018-10-19,217.0
2018-10-22,218.0
2018-10-23,211.5
2018-10-24,211.1
2018-10-25,201.9
2018-10-26,203.2
2018-10-29,204.6
2018-10-30,205.1
2018-10-31,215.2
2018-11-01,216.6
2018-11-02,217.5
2018-11-05,216.1
2018-11-06,215.7
2018-11-07,215.2
2018-11-08,217.5
2018-11-09,212.4
2018-11-12,212.9
2018-11-13,209.2
2018-11-14,210.1
2018-11-15,212.4
2018-11-16,207.8
2018-11-19,204.2
2018-11-20,200.5
2018-11-21,201.4
2018-11-22,201.4
2018-11-23,200.9
2018-11-26,205.1
2018-11-27,206.0
2018-11-28,208.3
2018-11-29,210.6
2018-11-30,207.4
2018-12-03,216.1
2018-12-04,215.2
2018-12-05,207.8
2018-12-06,202.3
2018-12-07,203.2
2018-12-10,201.4
2018-12-11,204.6
2018-12-12,208.3
2018-12-13,207.8
2018-12-14,204.6
2018-12-17,205.5
2018-12-18,204.6
2018-12-19,207.4
2018-12-20,203.2
2018-12-21,205.5
2018-12-24,202.3
2018-12-25,200.0
2018-12-26,199.1
2018-12-27,205.1
2018-12-28,207.4
2019-01-02,201.9
2019-01-03,198.2
2019-01-04,191.3
2019-01-07,195.9
2019-01-08,194.0
2019-01-09,198.2
2019-01-10,198.6
2019-01-11,202.8
2019-01-14,200.9
2019-01-15,203.2
2019-01-16,200.0
2019-01-17,202.8
2019-01-18,200.9
2019-01-21,203.2
2019-01-22,205.1
2019-01-23,202.8
2019-01-24,204.6
2019-01-25,207.8
2019-01-28,210.6
2019-01-29,204.6
2019-01-30,203.2
2019-02-11,209.7
2019-02-12,211.5
2019-02-13,210.6
2019-02-14,208.8
2019-02-15,208.8
2019-02-18,211.5
2019-02-19,210.6
2019-02-20,215.7
2019-02-21,217.5
2019-02-22,217.5
2019-02-25,218.9
2019-02-26,220.3
2019-02-27,219.8
2019-03-04,216.6
2019-03-05,214.3
2019-03-06,215.2
2019-03-07,215.2
2019-03-08,211.5
2019-03-11,212.0
2019-03-12,216.6
2019-03-13,218.0
2019-03-14,215.7
2019-03-15,219.8
2019-03-18,221.6
2019-03-19,221.2
2019-03-20,222.6
2019-03-21,225.8
2019-03-22,228.5
2019-03-25,222.1
2019-03-26,224.4
2019-03-27,222.1
2019-03-28,222.6
2019-03-29,225.8
2019-04-01,225.8
2019-04-02,226.2
2019-04-03,226.7
2019-04-08,232.7
2019-04-09,233.6
2019-04-10,233.6
2019-04-11,231.8
2019-04-12,231.8
2019-04-15,235.0
2019-04-16,236.4
2019-04-17,240.5
2019-04-18,243.3
2019-04-19,243.3
2019-04-22,244.6
2019-04-23,246.5
2019-04-24,247.4
2019-04-25,246.0
2019-04-26,239.1
2019-04-29,238.7
2019-04-30,238.2
2019-05-02,238.2
2019-05-03,243.7
2019-05-06,238.2
2019-05-07,241.4
2019-05-08,239.1
2019-05-09,235.9
2019-05-10,235.4
2019-05-13,230.4
2019-05-14,228.5
2019-05-15,229.0
2019-05-16,227.2
2019-05-17,222.1
2019-05-20,218.9
2019-05-21,215.2
2019-05-22,218.9
2019-05-23,211.5
2019-05-24,214.3
2019-05-27,212.4
2019-05-28,212.0
2019-05-29,211.1
2019-05-30,212.4
2019-05-31,216.6
2019-06-03,218.9
2019-06-04,214.3
2019-06-05,216.1
2019-06-06,213.4
2019-06-10,220.7
2019-06-11,224.9
2019-06-12,226.2
2019-06-13,220.7
2019-06-14,217.0
2019-06-17,214.3
2019-06-18,216.6
2019-06-19,224.4
2019-06-20,225.3
2019-06-21,228.5
2019-06-24,229.0
2019-06-25,226.6
2019-06-26,222.8
2019-06-27,228.5
2019-06-28,227.1
2019-07-01,236.1
2019-07-02,236.6
2019-07-03,230.4
2019-07-04,231.9
2019-07-05,230.9
2019-07-08,230.4
2019-07-09,230.0
2019-07-10,234.7
2019-07-11,237.6
2019-07-12,238.0
2019-07-15,241.8
2019-07-16,243.3
2019-07-17,239.5
2019-07-18,241.4
2019-07-19,246.1
2019-07-22,250.9
2019-07-23,250.9
2019-07-24,251.8
2019-07-25,251.8
2019-07-26,248.0
2019-07-29,248.0
2019-07-30,247.1
2019-07-31,246.6
2019-08-01,243.7
2019-08-02,239.0
2019-08-05,234.2
2019-08-06,236.1
2019-08-07,235.7
2019-08-08,240.9
2019-08-12,238.5
2019-08-13,234.2
2019-08-14,237.1
2019-08-15,235.7
2019-08-16,237.6
2019-08-19,239.5
2019-08-20,241.8
2019-08-21,241.8
2019-08-22,241.4
2019-08-23,241.4
2019-08-26,236.1
2019-08-27,237.6
2019-08-28,239.5
2019-08-29,241.4
2019-08-30,246.1
2019-09-02,244.7
2019-09-03,241.4
2019-09-04,244.7
2019-09-05,249.9
2019-09-06,250.4
2019-09-10,248.5
2019-09-11,249.9
2019-09-12,249.4
2019-09-16,252.3
2019-09-17,251.8
2019-09-18,253.7
2019-09-19,253.7
2019-09-20,252.8
2019-09-23,252.8
2019-09-24,253.7
2019-09-25,254.7
2019-09-26,256.6
2019-09-27,260.4
2019-10-01,268.1
2019-10-02,267.6
2019-10-03,264.7
2019-10-04,264.7
2019-10-07,266.2
2019-10-08,274.3
2019-10-09,270.0
2019-10-14,277.7
2019-10-15,281.0
2019-10-16,283.9
2019-10-17,281.0
2019-10-18,280.5
2019-10-21,277.7
2019-10-22,281.5
2019-10-23,280.5
2019-10-24,280.5
2019-10-25,281.0
2019-10-28,282.0
2019-10-29,285.8
2019-10-30,286.7
2019-10-31,285.8
2019-11-01,286.3
2019-11-04,293.9
2019-11-05,297.3
2019-11-06,297.8
2019-11-07,295.8
2019-11-08,292.5
2019-11-11,288.2
2019-11-12,292.0
2019-11-13,291.1
2019-11-14,290.6
2019-11-15,293.9
2019-11-18,297.8
2019-11-19,301.6
2019-11-20,300.2
2019-11-21,297.8
2019-11-22,295.8
2019-11-25,293.9
2019-11-26,293.9
2019-11-27,297.8
2019-11-28,296.3
2019-11-29,292.0
2019-12-02,294.4
2019-12-03,293.9
2019-12-04,293.0
2019-12-05,298.7
2019-12-06,299.7
2019-12-09,302.5
2019-12-10,300.2
2019-12-11,305.4
2019-12-12,317.4
2019-12-13,324.6
2019-12-16,321.7
2019-12-17,330.3
2019-12-18,329.8
2019-12-19,323.1
2019-12-20,317.3
2019-12-23,322.1
2019-12-24,320.2
2019-12-25,321.2
2019-12-26,321.2
2019-12-27,326.0
2019-12-30,322.6
2019-12-31,319.2
2020-01-02,326.9
2020-01-03,327.4
2020-01-06,320.2
2020-01-07,317.8
2020-01-08,317.8
2020-01-09,325.5
2020-01-10,327.4
2020-01-13,329.4
2020-01-14,333.7
2020-01-15,327.9
2020-01-16,322.6
2020-01-17,321.2
2020-01-20,321.2
2020-01-30,305.2
2020-01-31,308.6
2020-02-03,303.8
2020-02-04,313.4
2020-02-05,315.8
2020-02-06,320.7
2020-02-07,316.3
2020-02-10,315.8
2020-02-11,319.7
2020-02-12,323.1
2020-02-13,323.1
2020-02-14,323.1
2020-02-17,319.7
2020-02-18,310.5
2020-02-19,314.9
2020-02-20,313.9
2020-02-21,313.4
2020-02-24,308.6
2020-02-25,310.5
2020-02-26,307.2
2020-02-27,304.8
2020-03-02,299.9
2020-03-03,306.2
2020-03-04,309.1
2020-03-05,311.5
2020-03-06,303.8
2020-03-09,294.6
2020-03-10,296.1
2020-03-11,291.3
2020-03-12,283.5
2020-03-13,279.7
2020-03-16,266.7
2020-03-17,258.5
2020-03-18,250.7
2020-03-19,241.5
2020-03-20,262.9
2020-03-23,248.3
2020-03-24,260.5
2020-03-25,269.7
2020-03-26,272.7
2020-03-27,265.8
2020-03-30,260.5
2020-03-31,266.8
2020-04-01,264.4
2020-04-06,268.3
2020-04-07,275.6
2020-04-08,277.5
2020-04-09,275.6
2020-04-10,272.2
2020-04-13,271.2
2020-04-14,277.5
2020-04-15,280.0
2020-04-16,279.0
2020-04-17,298.5
2020-04-20,296.0
2020-04-21,287.3
2020-04-22,286.3
2020-04-23,287.8
2020-04-24,286.3
2020-04-27,290.2
2020-04-28,288.7
2020-04-29,291.2
2020-04-30,296.5
2020-05-04,287.3
2020-05-05,287.8
2020-05-06,288.2
2020-05-07,289.7
2020-05-08,289.7
2020-05-11,293.1
2020-05-12,287.3
2020-05-13,289.2
2020-05-14,285.3
2020-05-15,290.2
2020-05-18,282.4
2020-05-19,283.9
2020-05-20,286.3
2020-05-21,289.7
2020-05-22,284.3
2020-05-25,284.3
2020-05-26,287.8
2020-05-27,288.7
2020-05-28,286.3
2020-05-29,284.3
2020-06-01,287.8
2020-06-02,288.7
2020-06-03,293.1
2020-06-04,298.0
2020-06-05,303.3
2020-06-08,309.7
2020-06-09,310.6
2020-06-10,314.0
2020-06-11,312.1
2020-06-12,307.7
2020-06-15,301.4
2020-06-16,306.7
2020-06-17,306.7
2020-06-18,308.7
2020-06-19,308.7
2020-06-22,306.3
2020-06-23,309.2
2020-06-24,311.7
2020-06-29,306.3
2020-06-30,307.2
2020-07-01,311.7
2020-07-02,316.1
2020-07-03,323.4
2020-07-06,331.8
2020-07-07,332.3
2020-07-08,334.7
2020-07-09,338.6
2020-07-10,342.1
2020-07-13,348.0
2020-07-14,356.8
2020-07-15,356.3
2020-07-16,350.9
2020-07-17,360.2
2020-07-20,359.3
2020-07-21,375.9
2020-07-22,376.9
2020-07-23,374.5
2020-07-24,378.9
2020-07-27,416.7
2020-07-28,427.0
2020-07-29,414.2
2020-07-30,426.0
2020-07-31,417.7
2020-08-03,408.3
2020-08-04,417.7
2020-08-05,421.1
2020-08-06,427.0
2020-08-07,425.0
2020-08-10,427.5
2020-08-11,421.1
2020-08-12,411.3
2020-08-13,421.1
2020-08-14,419.1
2020-08-17,427.0
2020-08-18,425.0
2020-08-19,419.6
2020-08-20,407.4
2020-08-21,416.7
2020-08-24,420.1
2020-08-25,426.5
2020-08-26,433.9
2020-08-27,435.8
2020-08-28,427.0
2020-08-31,418.6
2020-09-01,427.0
2020-09-02,425.0
2020-09-03,428.0
2020-09-04,421.1
2020-09-07,418.2
2020-09-08,423.1
2020-09-09,419.1
2020-09-10,427.0
2020-09-11,428.5
2020-09-14,432.9
2020-09-15,436.8
2020-09-16,449.6
2020-09-17,442.7
2020-09-18,438.2
2020-09-21,434.3
2020-09-22,431.3
2020-09-23,427.8
2020-09-24,417.5
2020-09-25,418.5
2020-09-28,425.9
2020-09-29,425.4
2020-09-30,427.4
2020-10-05,426.9
2020-10-06,433.8
2020-10-07,437.2
2020-10-08,447.1
2020-10-12,454.0
2020-10-13,456.0
2020-10-14,453.0
2020-10-15,447.1
2020-10-16,443.1
2020-10-19,451.5
2020-10-20,445.1
2020-10-21,447.1
2020-10-22,449.1
2020-10-23,446.1
2020-10-26,444.1
2020-10-27,441.2
2020-10-28,438.2
2020-10-29,431.3
2020-10-30,426.4
2020-11-02,429.8
2020-11-03,435.3
2020-11-04,444.1
2020-11-05,445.1
2020-11-06,446.6
2020-11-09,452.5
2020-11-10,445.1
2020-11-11,451.0
2020-11-12,452.0
2020-11-13,456.0
2020-11-16,477.7
2020-11-17,479.2
2020-11-18,490.5
2020-11-19,483.6
2020-11-20,481.6
2020-11-23,490.0
2020-11-24,485.6
2020-11-25,480.7
2020-11-26,482.6
2020-11-27,482.6
2020-11-30,474.2
2020-12-01,483.6
2020-12-02,492.5
2020-12-03,490.5
2020-12-04,496.4
2020-12-07,507.3
2020-12-08,517.2
2020-12-09,513.2
2020-12-10,505.3
2020-12-11,509.3
2020-12-14,501.4
2020-12-15,497.4
2020-12-16,505.3
2020-12-17,503.8
2020-12-18,505.8
2020-12-21,511.8
2020-12-22,504.8
2020-12-23,504.8
2020-12-24,505.8
2020-12-25,506.8
2020-12-28,510.8
2020-12-29,510.8
2020-12-30,520.7
2020-12-31,525.7
2021-01-04,531.6
2021-01-05,537.6
2021-01-06,544.5
2021-01-07,560.4
2021-01-08,575.2
2021-01-11,579.2
2021-01-12,586.2
2021-01-13,600.0
2021-01-14,587.1
2021-01-15,596.1
2021-01-18,602.0
2021-01-19,621.9
2021-01-20,641.7
2021-01-21,667.5
2021-01-22,643.7
2021-01-25,627.8
2021-01-26,611.9
2021-01-27,610.0
2021-01-28,596.1
2021-01-29,586.2
2021-02-01,606.0
2021-02-02,626.8
2021-02-03,624.8
2021-02-04,621.9
2021-02-05,626.8
2021-02-17,657.6
2021-02-18,654.6
2021-02-19,646.7
2021-02-22,644.7
2021-02-23,635.7
2021-02-24,619.9
2021-02-25,629.8
2021-02-26,601.0
2021-03-02,604.0
2021-03-03,616.9
2021-03-04,596.1
2021-03-05,596.1
2021-03-08,593.1
2021-03-09,590.1
2021-03-10,592.1
2021-03-11,604.0
2021-03-12,609.0
2021-03-15,606.0
2021-03-16,608.0
2021-03-17,601.5
2021-03-18,599.5
2021-03-19,588.6
2021-03-22,590.5
2021-03-23,591.5
2021-03-24,573.6
2021-03-25,572.6
2021-03-26,587.6
2021-03-29,596.5
2021-03-30,594.5
2021-03-31,584.6
2021-04-01,599.5
2021-04-07,607.5
2021-04-08,610.5
2021-04-09,607.5
2021-04-12,602.5
2021-04-13,602.5
2021-04-14,609.5
2021-04-15,616.4
2021-04-16,607.5
2021-04-19,600.5
2021-04-20,599.5
2021-04-21,589.6
2021-04-22,588.6
2021-04-23,599.5
2021-04-26,607.5
2021-04-27,607.5
2021-04-28,599.5
2021-04-29,597.5
2021-05-03,585.6
2021-05-04,588.6
2021-05-05,582.6
2021-05-06,584.6
2021-05-07,596.5
2021-05-10,586.6
2021-05-11,568.6
2021-05-12,557.7
2021-05-13,544.7
2021-05-14,554.7
2021-05-17,546.7
2021-05-18,569.6
2021-05-19,564.7
2021-05-20,564.7
2021-05-21,570.6
2021-05-24,565.7
2021-05-25,580.6
2021-05-26,582.6
2021-05-27,579.6
2021-05-28,587.6
2021-05-31,594.5
2021-06-01,595.5
2021-06-02,592.5
2021-06-03,593.5
2021-06-04,592.5
2021-06-07,589.6
2021-06-08,586.6
2021-06-09,583.6
2021-06-10,596.5
2021-06-11,599.5
2021-06-15,606.5
2021-06-16,602.5
2021-06-17,606.0
2021-06-18,603.0
2021-06-21,583.0
2021-06-22,578.0
2021-06-23,595.0
2021-06-24,590.0
2021-06-25,591.0
2021-06-28,590.0
2021-06-29,595.0
2021-06-30,595.0
2021-07-01,593.0
2021-07-02,588.0
2021-07-05,591.0
2021-07-06,592.0
2021-07-07,594.0
2021-07-08,588.0
2021-07-09,584.0
2021-07-12,593.0
2021-07-13,607.0
2021-07-14,613.0
2021-07-15,614.0
2021-07-16,589.0
2021-07-19,582.0
2021-07-20,581.0
2021-07-21,585.0
2021-07-22,591.0
2021-07-23,585.0
2021-07-26,580.0
2021-07-27,580.0
2021-07-28,579.0
2021-07-29,583.0
2021-07-30,580.0
2021-08-02,590.0
2021-08-03,594.0
2021-08-04,596.0
2021-08-05,596.0
2021-08-06,591.0
2021-08-09,595.0
2021-08-10,591.0
2021-08-11,590.0
2021-08-12,586.0
2021-08-13,581.0
